Job_id,company_id,designation,city,state,country,details_id,job_link
jod_id_101,comp_id_1001,Data Analyst,not_specify,not_specify,India,detail_1,https://www.linkedin.com/jobs/view/3261146964/?eBP=JOB_SEARCH_ORGANIC&recommendedFlavor=ACTIVELY_HIRING_COMPANY&refId=2Z5vAhN8fiuKdsobl6uyzA%3D%3D&trackingId=TX969PE9ptpwxzYFvaDpiA%3D%3D&trk=flagship3_search_srp_jobs
jod_id_102,comp_id_1002,Data science internship and training program,not_specify,not_specify,India,detail_2,https://www.linkedin.com/jobs/view/3261123667/?eBP=JOB_SEARCH_ORGANIC&recommendedFlavor=JOB_SEEKER_QUALIFIED&refId=2Z5vAhN8fiuKdsobl6uyzA%3D%3D&trackingId=nq0as1Rww7r8mbyv%2Bgz6iA%3D%3D&trk=flagship3_search_srp_jobs
jod_id_103,comp_id_1002,Data Science Training & Internship,not_specify,not_specify,India,detail_3,https://www.linkedin.com/jobs/view/3256552248/?eBP=JOB_SEARCH_ORGANIC&recommendedFlavor=JOB_SEEKER_QUALIFIED&refId=2Z5vAhN8fiuKdsobl6uyzA%3D%3D&trackingId=mJD9lADoVNu4FfeUyBs1Eg%3D%3D&trk=flagship3_search_srp_jobs
jod_id_104,comp_id_1002,Data Science Training and Internship,not_specify,not_specify,India,detail_4,https://www.linkedin.com/jobs/view/3261128025/?eBP=JOB_SEARCH_ORGANIC&recommendedFlavor=JOB_SEEKER_QUALIFIED&refId=2Z5vAhN8fiuKdsobl6uyzA%3D%3D&trackingId=BJ7dmTZ3ZAtbLklR0PWKEQ%3D%3D&trk=flagship3_search_srp_jobs
jod_id_105,comp_id_1003,Data Science-Trainee (Read JD carefully before Applying),Gurugram, Haryana,India,detail_5,https://www.linkedin.com/jobs/view/3261041199/?eBP=JOB_SEARCH_ORGANIC&refId=2Z5vAhN8fiuKdsobl6uyzA%3D%3D&trackingId=3MwjXOa4KuFrhGp0f8iAEw%3D%3D&trk=flagship3_search_srp_jobs
jod_id_106,comp_id_1004,Data Analyst (SQL),Bengaluru, Karnataka,India,detail_6,https://www.linkedin.com/jobs/view/3259937446/?eBP=JOB_SEARCH_ORGANIC&refId=2Z5vAhN8fiuKdsobl6uyzA%3D%3D&trackingId=KnEI5PCOX1IDyFMp91LO7Q%3D%3D&trk=flagship3_search_srp_jobs
jod_id_107,comp_id_1005,Big Data Analysis Tool and Techniques Data Platform Engineer,Mumbai, Maharashtra,India,detail_7,https://www.linkedin.com/jobs/view/3260647701/?eBP=JOB_SEARCH_ORGANIC&recommendedFlavor=SCHOOL_RECRUIT&refId=2Z5vAhN8fiuKdsobl6uyzA%3D%3D&trackingId=GelbkjlOD5qAc%2Fn8l%2B3IDA%3D%3D&trk=flagship3_search_srp_jobs
jod_id_108,comp_id_1002,Data science Training and Internship Program,not_specify,not_specify,India,detail_8,https://www.linkedin.com/jobs/view/3261119123/?eBP=JOB_SEARCH_ORGANIC&recommendedFlavor=JOB_SEEKER_QUALIFIED&refId=3MDp5gvjCGUuIzP1SMVkDw%3D%3D&trackingId=XzlP1bwul53h3VknRH9Oug%3D%3D&trk=flagship3_search_srp_jobs
jod_id_109,comp_id_1006,Data Science Training and Internship,Bengaluru, Karnataka,India,detail_9,https://www.linkedin.com/jobs/view/3256515274/?eBP=JOB_SEARCH_ORGANIC&recommendedFlavor=JOB_SEEKER_QUALIFIED&refId=3MDp5gvjCGUuIzP1SMVkDw%3D%3D&trackingId=o7Yl6z1uivI%2B89rIKMvnZA%3D%3D&trk=flagship3_search_srp_jobs
jod_id_110,comp_id_1007,LitmusWorld - Data Analyst - Python/MySQL,Greater Kolkata Area,not_specify,India,detail_10,https://www.linkedin.com/jobs/view/3256559114/?eBP=JOB_SEARCH_ORGANIC&refId=3MDp5gvjCGUuIzP1SMVkDw%3D%3D&trackingId=kim8XYK2xKl3SoTQbjGmCg%3D%3D&trk=flagship3_search_srp_jobs
jod_id_111,comp_id_1002,Cyber Security Intern,not_specify,not_specify,India,detail_11,https://www.linkedin.com/jobs/view/3263509229/?eBP=JOB_SEARCH_ORGANIC&recommendedFlavor=JOB_SEEKER_QUALIFIED&refId=3MDp5gvjCGUuIzP1SMVkDw%3D%3D&trackingId=K%2B%2By36LhUTkX9L5e2yy%2BTg%3D%3D&trk=flagship3_search_srp_jobs
jod_id_112,comp_id_1008,Business Analyst Intern,not_specify,not_specify,India,detail_12,https://www.linkedin.com/jobs/view/3256559756/?eBP=JOB_SEARCH_ORGANIC&refId=3MDp5gvjCGUuIzP1SMVkDw%3D%3D&trackingId=ypoXyaPTI8ZH6vzf4tZdGg%3D%3D&trk=flagship3_search_srp_jobs
jod_id_113,comp_id_1002,Data Science Intern,not_specify,not_specify,India,detail_13,https://www.linkedin.com/jobs/view/3261126021/?eBP=JOB_SEARCH_ORGANIC&recommendedFlavor=JOB_SEEKER_QUALIFIED&refId=3MDp5gvjCGUuIzP1SMVkDw%3D%3D&trackingId=RBh5Ijz2MrEg8c%2FecKlXyw%3D%3D&trk=flagship3_search_srp_jobs
jod_id_114,comp_id_1005,Big Data Analysis Tool and Techniques Data Platform Engineer,Bengaluru, Karnataka,India,detail_14,https://www.linkedin.com/jobs/view/3260646756/?eBP=JOB_SEARCH_ORGANIC&recommendedFlavor=SCHOOL_RECRUIT&refId=3MDp5gvjCGUuIzP1SMVkDw%3D%3D&trackingId=1GcY2fBAeHFnBXClQOUHow%3D%3D&trk=flagship3_search_srp_jobs
jod_id_115,comp_id_1005,Big Data Analysis Tool and Techniques Data Platform Engineer,Bengaluru, Karnataka,India,detail_15,https://www.linkedin.com/jobs/view/3260646754/?eBP=JOB_SEARCH_ORGANIC&recommendedFlavor=SCHOOL_RECRUIT&refId=E8KqnN0UquQToJ2m0L1AcA%3D%3D&trackingId=n2DbwdJn6HtqEITdQRT9HQ%3D%3D&trk=flagship3_search_srp_jobs
jod_id_116,comp_id_1005,Big Data Analysis Tool and Techniques Data Platform Engineer,Hyderabad, Telangana,India,detail_16,https://www.linkedin.com/jobs/view/3260649118/?eBP=JOB_SEARCH_ORGANIC&recommendedFlavor=SCHOOL_RECRUIT&refId=E8KqnN0UquQToJ2m0L1AcA%3D%3D&trackingId=scsvhAT6zgmXsfQYa1UfHA%3D%3D&trk=flagship3_search_srp_jobs
jod_id_117,comp_id_1005,Big Data Analysis Tool and Techniques Data Platform Engineer,Gurgaon, Haryana,India,detail_17,https://www.linkedin.com/jobs/view/3260644945/?eBP=JOB_SEARCH_ORGANIC&recommendedFlavor=SCHOOL_RECRUIT&refId=E8KqnN0UquQToJ2m0L1AcA%3D%3D&trackingId=%2F8zwgT1v%2BgLBzcIdhXKNzQ%3D%3D&trk=flagship3_search_srp_jobs
jod_id_118,comp_id_1009,Data Analyst,Bishnupur, West Bengal,India,detail_18,https://www.linkedin.com/jobs/view/3261084275/?eBP=JOB_SEARCH_ORGANIC&refId=E8KqnN0UquQToJ2m0L1AcA%3D%3D&trackingId=NevGIJRKJlSAn3y8rR1uUw%3D%3D&trk=flagship3_search_srp_jobs
jod_id_119,comp_id_1010,Python Data Science Trainer,Mumbai, Maharashtra,India,detail_19,https://www.linkedin.com/jobs/view/3262905026/?eBP=JOB_SEARCH_ORGANIC&recommendedFlavor=JOB_SEEKER_QUALIFIED&refId=E8KqnN0UquQToJ2m0L1AcA%3D%3D&trackingId=uDDtPXGfyxyRhN9TyFiBzw%3D%3D&trk=flagship3_search_srp_jobs
jod_id_120,comp_id_1011,Data Researcher I,Hyderabad, Telangana,India,detail_20,https://www.linkedin.com/jobs/view/3259834097/?eBP=JOB_SEARCH_ORGANIC&recommendedFlavor=ACTIVELY_HIRING_COMPANY&refId=E8KqnN0UquQToJ2m0L1AcA%3D%3D&trackingId=3cdTmKKTnfW7euj9PytGRA%3D%3D&trk=flagship3_search_srp_jobs
jod_id_121,comp_id_1009,Data Analyst,Shillong, Meghalaya,India,detail_21,https://www.linkedin.com/jobs/view/3261083422/?eBP=JOB_SEARCH_ORGANIC&refId=E8KqnN0UquQToJ2m0L1AcA%3D%3D&trackingId=cCO2T3Uzj4iS2mkmJ9rhHA%3D%3D&trk=flagship3_search_srp_jobs
jod_id_122,comp_id_1005,Python Programming Language Data Platform Engineer,Bengaluru, Karnataka,India,detail_22,https://www.linkedin.com/jobs/view/3260650048/?eBP=JOB_SEARCH_ORGANIC&recommendedFlavor=SCHOOL_RECRUIT&refId=OMtMu3QHV4cK2YAeCXHXlQ%3D%3D&trackingId=HttiW0LeT%2BB%2BIdSUPRhM1Q%3D%3D&trk=flagship3_search_srp_jobs
jod_id_123,comp_id_1005,Python Programming Language Data Platform Engineer,Hyderabad, Telangana,India,detail_23,https://www.linkedin.com/jobs/view/3260650038/?eBP=JOB_SEARCH_ORGANIC&recommendedFlavor=ACTIVELY_HIRING_COMPANY&refId=OMtMu3QHV4cK2YAeCXHXlQ%3D%3D&trackingId=%2FTyHyT%2Bpfo0OeGMdgq2N%2BQ%3D%3D&trk=flagship3_search_srp_jobs
jod_id_124,comp_id_1005,Python Programming Language Data Platform Engineer,Mumbai, Maharashtra,India,detail_24,https://www.linkedin.com/jobs/view/3260650053/?eBP=JOB_SEARCH_ORGANIC&recommendedFlavor=SCHOOL_RECRUIT&refId=OMtMu3QHV4cK2YAeCXHXlQ%3D%3D&trackingId=N28riLLMahJGvApwCGjsdw%3D%3D&trk=flagship3_search_srp_jobs
jod_id_125,comp_id_1012,VETS Intern - Digital,Bengaluru, Karnataka,India,detail_25,https://www.linkedin.com/jobs/view/3256504459/?eBP=JOB_SEARCH_ORGANIC&recommendedFlavor=JOB_SEEKER_QUALIFIED&refId=OMtMu3QHV4cK2YAeCXHXlQ%3D%3D&trackingId=qdwV11b7oQBPlgLcpz198g%3D%3D&trk=flagship3_search_srp_jobs
jod_id_126,comp_id_1004,Data Analyst - SQL & Python,Bengaluru, Karnataka,India,detail_26,https://www.linkedin.com/jobs/view/3259935550/?eBP=JOB_SEARCH_ORGANIC&refId=OMtMu3QHV4cK2YAeCXHXlQ%3D%3D&trackingId=B05K9uh5dAX9ZK5p9%2BafCw%3D%3D&trk=flagship3_search_srp_jobs
jod_id_127,comp_id_1009,Data Analyst,Kalyan, Maharashtra,India,detail_27,https://www.linkedin.com/jobs/view/3261082484/?eBP=JOB_SEARCH_ORGANIC&refId=OMtMu3QHV4cK2YAeCXHXlQ%3D%3D&trackingId=ZSU2kQsZUT0vE6ULrK46zA%3D%3D&trk=flagship3_search_srp_jobs
jod_id_128,comp_id_1013,Data Scientist- python/SQL office job,Bengaluru, Karnataka,India,detail_28,https://www.linkedin.com/jobs/view/3261081876/?eBP=JOB_SEARCH_ORGANIC&refId=OMtMu3QHV4cK2YAeCXHXlQ%3D%3D&trackingId=8HKSUIOHFkB3QhZElsET1Q%3D%3D&trk=flagship3_search_srp_jobs
jod_id_129,comp_id_1014,Market Intelligence Research Internship in Bangalore at Innointel,Bengaluru, Karnataka,India,detail_29,https://www.linkedin.com/jobs/view/3256977974/?eBP=JOB_SEARCH_ORGANIC&recommendedFlavor=JOB_SEEKER_QUALIFIED&refId=vOAwKCckkS4Kly%2B5EWjb3g%3D%3D&trackingId=mDmzqqiqX97yp1jmuZcL3Q%3D%3D&trk=flagship3_search_srp_jobs
jod_id_130,comp_id_1015,Python Developer,New Delhi, Delhi,India,detail_30,https://www.linkedin.com/jobs/view/3259824275/?eBP=JOB_SEARCH_ORGANIC&refId=vOAwKCckkS4Kly%2B5EWjb3g%3D%3D&trackingId=kEpb4OP7wGuy6PxVskKdiQ%3D%3D&trk=flagship3_search_srp_jobs
jod_id_131,comp_id_1016,Paid Training + Free Project & Internship,not_specify,not_specify,India,detail_31,https://www.linkedin.com/jobs/view/3261152500/?eBP=JOB_SEARCH_ORGANIC&recommendedFlavor=JOB_SEEKER_QUALIFIED&refId=vOAwKCckkS4Kly%2B5EWjb3g%3D%3D&trackingId=3Z8ChQuWjnPZF7xewOjjMg%3D%3D&trk=flagship3_search_srp_jobs
jod_id_132,comp_id_1017,Data Analyst - Assistant Manager,Bengaluru, Karnataka,India,detail_32,https://www.linkedin.com/jobs/view/3261021869/?eBP=JOB_SEARCH_ORGANIC&recommendedFlavor=SCHOOL_RECRUIT&refId=vOAwKCckkS4Kly%2B5EWjb3g%3D%3D&trackingId=1qBE1eJ7gxsCwTRLC8VEog%3D%3D&trk=flagship3_search_srp_jobs
jod_id_133,comp_id_1018,Sub-Head of Revenue (Internship),not_specify,not_specify,India,detail_33,https://www.linkedin.com/jobs/view/3261132911/?eBP=JOB_SEARCH_ORGANIC&recommendedFlavor=COMPANY_RECRUIT&refId=vOAwKCckkS4Kly%2B5EWjb3g%3D%3D&trackingId=FRB7jyLGfUUBPPdj%2FuDbJg%3D%3D&trk=flagship3_search_srp_jobs
jod_id_134,comp_id_1019,Marketing and Finance Internship,not_specify,not_specify,India,detail_34,https://www.linkedin.com/jobs/view/3261031813/?eBP=JOB_SEARCH_ORGANIC&recommendedFlavor=ACTIVELY_HIRING_COMPANY&refId=vOAwKCckkS4Kly%2B5EWjb3g%3D%3D&trackingId=IoszWt%2BGGTD0UsGp9NgFTw%3D%3D&trk=flagship3_search_srp_jobs
jod_id_135,comp_id_1020,Tableau(Marketing Analytics),Bengaluru, Karnataka,India,detail_35,https://www.linkedin.com/jobs/view/3263811810/?eBP=JOB_SEARCH_ORGANIC&recommendedFlavor=SCHOOL_RECRUIT&refId=vOAwKCckkS4Kly%2B5EWjb3g%3D%3D&trackingId=VnuvHFYWeUmGoRPTsj3Sow%3D%3D&trk=flagship3_search_srp_jobs
jod_id_136,comp_id_1005,Big Data Analysis Tool and Techniques Data Platform Engineer,Chennai, Tamil Nadu,India,detail_36,https://www.linkedin.com/jobs/view/3260650000/?eBP=JOB_SEARCH_ORGANIC&recommendedFlavor=SCHOOL_RECRUIT&refId=8K3Nmtu2eg%2BX7vnandQQ9w%3D%3D&trackingId=L8l5CO2wlHHSFaeC2zC03g%3D%3D&trk=flagship3_search_srp_jobs
jod_id_137,comp_id_1021,Algo Trading Strategy Internship in Ahmedabad at Finbyz Consulting,Ahmedabad, Gujarat,India,detail_37,https://www.linkedin.com/jobs/view/3256978771/?eBP=JOB_SEARCH_ORGANIC&recommendedFlavor=JOB_SEEKER_QUALIFIED&refId=8K3Nmtu2eg%2BX7vnandQQ9w%3D%3D&trackingId=msmxCqq2QZ%2BwaKN1dEKDrA%3D%3D&trk=flagship3_search_srp_jobs
jod_id_138,comp_id_1005,Python Programming Language Data Platform Engineer,Gurgaon, Haryana,India,detail_38,https://www.linkedin.com/jobs/view/3260645753/?eBP=JOB_SEARCH_ORGANIC&recommendedFlavor=SCHOOL_RECRUIT&refId=8K3Nmtu2eg%2BX7vnandQQ9w%3D%3D&trackingId=wgzsX5GRsH8qbpWctUYNzg%3D%3D&trk=flagship3_search_srp_jobs
jod_id_139,comp_id_1022,Growth & Strategic Alliances Intern,not_specify,not_specify,India,detail_39,https://www.linkedin.com/jobs/view/3256555276/?eBP=JOB_SEARCH_ORGANIC&recommendedFlavor=ACTIVELY_HIRING_COMPANY&refId=8K3Nmtu2eg%2BX7vnandQQ9w%3D%3D&trackingId=un3VFWQRWFEe8kh0IYJF5Q%3D%3D&trk=flagship3_search_srp_jobs
jod_id_140,comp_id_1023,Associate Product Manager - Hyderabad based candidates only,Hyderabad, Telangana,India,detail_40,https://www.linkedin.com/jobs/view/3256548195/?eBP=JOB_SEARCH_ORGANIC&recommendedFlavor=ACTIVELY_HIRING_COMPANY&refId=8K3Nmtu2eg%2BX7vnandQQ9w%3D%3D&trackingId=%2FjI1eu0IPg%2BehToDf9%2FeYw%3D%3D&trk=flagship3_search_srp_jobs
jod_id_141,comp_id_1012,VETS Intern - ADE,Hyderabad, Telangana,India,detail_41,https://www.linkedin.com/jobs/view/3256503524/?eBP=JOB_SEARCH_ORGANIC&recommendedFlavor=JOB_SEEKER_QUALIFIED&refId=8K3Nmtu2eg%2BX7vnandQQ9w%3D%3D&trackingId=hvEKEJ7NHWuIPHTE7ZKH9A%3D%3D&trk=flagship3_search_srp_jobs
jod_id_142,comp_id_1024,Associate - Data Analyst,Mumbai, Maharashtra,India,detail_42,https://www.linkedin.com/jobs/view/3256436211/?eBP=JOB_SEARCH_ORGANIC&recommendedFlavor=SCHOOL_RECRUIT&refId=8K3Nmtu2eg%2BX7vnandQQ9w%3D%3D&trackingId=80QwHmU574%2FP1eUJD%2FNK4w%3D%3D&trk=flagship3_search_srp_jobs
jod_id_143,comp_id_1005,Machine Learning Advanced Application Engineer,Mumbai, Maharashtra,India,detail_43,https://www.linkedin.com/jobs/view/3260649090/?eBP=JOB_SEARCH_ORGANIC&recommendedFlavor=SCHOOL_RECRUIT&refId=Z3g78P%2Bnbrmj%2FLPFDK22OA%3D%3D&trackingId=JSDowfFxHsHATCJaKGTqzw%3D%3D&trk=flagship3_search_srp_jobs
jod_id_144,comp_id_1005,Python Programming Language Data Platform Engineer,Bengaluru, Karnataka,India,detail_44,https://www.linkedin.com/jobs/view/3260645762/?eBP=JOB_SEARCH_ORGANIC&recommendedFlavor=SCHOOL_RECRUIT&refId=Z3g78P%2Bnbrmj%2FLPFDK22OA%3D%3D&trackingId=5PPUXuz%2FCSCBB%2Ff794ccnw%3D%3D&trk=flagship3_search_srp_jobs
jod_id_145,comp_id_1005,Python Programming Language Data Platform Engineer,Gurgaon, Haryana,India,detail_45,https://www.linkedin.com/jobs/view/3260648694/?eBP=JOB_SEARCH_ORGANIC&recommendedFlavor=SCHOOL_RECRUIT&refId=Z3g78P%2Bnbrmj%2FLPFDK22OA%3D%3D&trackingId=Ok5%2FAb4o5Dlv3DoTK0B1PQ%3D%3D&trk=flagship3_search_srp_jobs
jod_id_146,comp_id_1002,Digital Marketing Intern,not_specify,not_specify,India,detail_46,https://www.linkedin.com/jobs/view/3261028678/?eBP=JOB_SEARCH_ORGANIC&recommendedFlavor=ACTIVELY_HIRING_COMPANY&refId=Z3g78P%2Bnbrmj%2FLPFDK22OA%3D%3D&trackingId=zch5%2F6VrvQoIB21vEldD6w%3D%3D&trk=flagship3_search_srp_jobs
jod_id_147,comp_id_1025,Business Development Intern,not_specify,not_specify,India,detail_47,https://www.linkedin.com/jobs/view/3263837299/?eBP=JOB_SEARCH_ORGANIC&recommendedFlavor=ACTIVELY_HIRING_COMPANY&refId=Z3g78P%2Bnbrmj%2FLPFDK22OA%3D%3D&trackingId=bJJq6WVaiced2snSKbGP7A%3D%3D&trk=flagship3_search_srp_jobs
jod_id_148,comp_id_1026,Business Analyst,Sahibzada Ajit Singh Nagar, Punjab,India,detail_48,https://www.linkedin.com/jobs/view/3263520702/?eBP=JOB_SEARCH_ORGANIC&recommendedFlavor=ACTIVELY_HIRING_COMPANY&refId=Z3g78P%2Bnbrmj%2FLPFDK22OA%3D%3D&trackingId=YAyZhwRnl%2FYTgxvqwJBuPQ%3D%3D&trk=flagship3_search_srp_jobs
jod_id_149,comp_id_1027,Consultant – Measurement and Insights,Gurgaon, Haryana,India,detail_49,https://www.linkedin.com/jobs/view/3259918929/?eBP=JOB_SEARCH_ORGANIC&recommendedFlavor=SCHOOL_RECRUIT&refId=Z3g78P%2Bnbrmj%2FLPFDK22OA%3D%3D&trackingId=R8WRTLntNNAZnsqSSGtoww%3D%3D&trk=flagship3_search_srp_jobs
jod_id_150,comp_id_1028,Web Analyst,Mumbai, Maharashtra,India,detail_50,https://www.linkedin.com/jobs/view/3262760804/?eBP=JOB_SEARCH_ORGANIC&recommendedFlavor=SCHOOL_RECRUIT&refId=hpNunlrABJ9WSx6LycqQtw%3D%3D&trackingId=SN7yHPuPrdPP%2BOmyG08DNg%3D%3D&trk=flagship3_search_srp_jobs
jod_id_151,comp_id_1029,Management Trainee - ATM Monitoring,Belāpur, Maharashtra,India,detail_51,https://www.linkedin.com/jobs/view/3260690553/?eBP=JOB_SEARCH_ORGANIC&refId=hpNunlrABJ9WSx6LycqQtw%3D%3D&trackingId=18WpnOkWRV%2FhfT9uq22Q9A%3D%3D&trk=flagship3_search_srp_jobs
jod_id_152,comp_id_1030,Internship - Company Reports,Mumbai, Maharashtra,India,detail_52,https://www.linkedin.com/jobs/view/3262356477/?eBP=JOB_SEARCH_ORGANIC&recommendedFlavor=SCHOOL_RECRUIT&refId=hpNunlrABJ9WSx6LycqQtw%3D%3D&trackingId=zOPuiDChL5FFumtP63njWQ%3D%3D&trk=flagship3_search_srp_jobs
jod_id_153,comp_id_1031,Finance Intern,not_specify,not_specify,India,detail_53,https://www.linkedin.com/jobs/view/3261120727/?eBP=JOB_SEARCH_ORGANIC&recommendedFlavor=JOB_SEEKER_QUALIFIED&refId=hpNunlrABJ9WSx6LycqQtw%3D%3D&trackingId=OHtyMycGlgiVJNiSeBoSGQ%3D%3D&trk=flagship3_search_srp_jobs
jod_id_154,comp_id_1032,Analytics,Bengaluru, Karnataka,India,detail_54,https://www.linkedin.com/jobs/view/3261123321/?eBP=JOB_SEARCH_ORGANIC&recommendedFlavor=JOB_SEEKER_QUALIFIED&refId=hpNunlrABJ9WSx6LycqQtw%3D%3D&trackingId=HbPX8UnQh1zsm8AdX4OITg%3D%3D&trk=flagship3_search_srp_jobs
jod_id_155,comp_id_1033,Hiring Post Graduate Freshers (Python/Sql/R)-2022 PASS OUTS,Gurgaon, Haryana,India,detail_55,https://www.linkedin.com/jobs/view/3262473213/?eBP=JOB_SEARCH_ORGANIC&recommendedFlavor=ACTIVELY_HIRING_COMPANY&refId=hpNunlrABJ9WSx6LycqQtw%3D%3D&trackingId=OKi5%2FdCxEH8f%2FRAmH8aipg%3D%3D&trk=flagship3_search_srp_jobs
jod_id_156,comp_id_1034,Retention Data Analyst,not_specify,not_specify,India,detail_56,https://www.linkedin.com/jobs/view/3257715601/?eBP=CwEAAAGDKGZh-UzPLOeuyqVkF-VAD3PEchhO5v3X-nmXRJxfsuZGx4-3henQVUlKD4X-7cOameylw51NjpIqmg9V_tAJM2shGbDXHBs6tavGmmmGFRjUwCq5s9mdZcxL0EYwXKOCDTw5-Uws7DLQEazfC8s_cIzUTRLEueEGVx2LWfWiiAr3YsVkvzf9bPa0dv2QDJtqKvnxiqXgDAKVB4aEnSiKDBXDLYr-u4TxSOxl3z7rRnclxZwTfB3QBG5QxRiIPo9Awx49sCmX-p5A4ESRtD3gdxrLwRChpab3IyyyEewAJnT00Jmo-6Syxo5V1UAlWAdHYhcNXb5xB-rlpHs8dXEAm2OxzKeqifil4lJ6pfvMkeZpB3Hh52Ej8j4cD8GcJg&recommendedFlavor=SCHOOL_RECRUIT&refId=hpNunlrABJ9WSx6LycqQtw%3D%3D&trackingId=C7cqTdb64V9fo77sxWlhCQ%3D%3D&trk=flagship3_search_srp_jobs
jod_id_157,comp_id_1005,Machine Learning Advanced Application Engineer,Hyderabad, Telangana,India,detail_57,https://www.linkedin.com/jobs/view/3260647681/?eBP=JOB_SEARCH_ORGANIC&recommendedFlavor=SCHOOL_RECRUIT&refId=gal%2FlkghkVzbGqhujRlUTA%3D%3D&trackingId=A01IoaSTmeC6CZZzrAK0SA%3D%3D&trk=flagship3_search_srp_jobs
jod_id_158,comp_id_1005,Machine Learning Advanced Application Engineer,Hyderabad, Telangana,India,detail_58,https://www.linkedin.com/jobs/view/3260648631/?eBP=JOB_SEARCH_ORGANIC&recommendedFlavor=SCHOOL_RECRUIT&refId=gal%2FlkghkVzbGqhujRlUTA%3D%3D&trackingId=0vctCScaJ%2FbTNoYHm%2B%2BeLg%3D%3D&trk=flagship3_search_srp_jobs
jod_id_159,comp_id_1005,Machine Learning Advanced Application Engineer,Bengaluru, Karnataka,India,detail_59,https://www.linkedin.com/jobs/view/3260650026/?eBP=JOB_SEARCH_ORGANIC&recommendedFlavor=ACTIVELY_HIRING_COMPANY&refId=gal%2FlkghkVzbGqhujRlUTA%3D%3D&trackingId=pVGYyAvOjFRvWjkQRrO%2FxQ%3D%3D&trk=flagship3_search_srp_jobs
jod_id_160,comp_id_1035,Operations Intern,not_specify,not_specify,India,detail_60,https://www.linkedin.com/jobs/view/3261034400/?eBP=JOB_SEARCH_ORGANIC&recommendedFlavor=JOB_SEEKER_QUALIFIED&refId=gal%2FlkghkVzbGqhujRlUTA%3D%3D&trackingId=WGXsp2U2bvZXvOnLQ0by0w%3D%3D&trk=flagship3_search_srp_jobs
jod_id_161,comp_id_1005,Machine Learning Advanced Application Engineer,Gurgaon, Haryana,India,detail_61,https://www.linkedin.com/jobs/view/3260644916/?eBP=JOB_SEARCH_ORGANIC&recommendedFlavor=SCHOOL_RECRUIT&refId=gal%2FlkghkVzbGqhujRlUTA%3D%3D&trackingId=Z9EvdeCr4KV58ZraqrFkag%3D%3D&trk=flagship3_search_srp_jobs
jod_id_162,comp_id_1005,Machine Learning Advanced Application Engineer,Gurgaon, Haryana,India,detail_62,https://www.linkedin.com/jobs/view/3260643966/?eBP=JOB_SEARCH_ORGANIC&recommendedFlavor=SCHOOL_RECRUIT&refId=gal%2FlkghkVzbGqhujRlUTA%3D%3D&trackingId=7La0zhpV0sWpVY5szoGRSA%3D%3D&trk=flagship3_search_srp_jobs
jod_id_163,comp_id_1002,Finance Intern,not_specify,not_specify,India,detail_63,https://www.linkedin.com/jobs/view/3263270679/?eBP=JOB_SEARCH_ORGANIC&recommendedFlavor=JOB_SEEKER_QUALIFIED&refId=gal%2FlkghkVzbGqhujRlUTA%3D%3D&trackingId=fSCvH9hjeLKDzCGDUIDh4g%3D%3D&trk=flagship3_search_srp_jobs
jod_id_164,comp_id_1005,Machine Learning Advanced Application Engineer,Hyderabad, Telangana,India,detail_64,https://www.linkedin.com/jobs/view/3260644913/?eBP=JOB_SEARCH_ORGANIC&recommendedFlavor=SCHOOL_RECRUIT&refId=kvD8uTUs8Ipvtqswy3868Q%3D%3D&trackingId=rSlANseaSR4vPRwuudMrmA%3D%3D&trk=flagship3_search_srp_jobs
jod_id_165,comp_id_1005,Machine Learning Advanced Application Engineer,Hyderabad, Telangana,India,detail_65,https://www.linkedin.com/jobs/view/3260646732/?eBP=JOB_SEARCH_ORGANIC&recommendedFlavor=SCHOOL_RECRUIT&refId=kvD8uTUs8Ipvtqswy3868Q%3D%3D&trackingId=sBKVyUmhIyyTvUNj64N0Gg%3D%3D&trk=flagship3_search_srp_jobs
jod_id_166,comp_id_1005,Machine Learning Advanced Application Engineer,Gurgaon, Haryana,India,detail_66,https://www.linkedin.com/jobs/view/3260650042/?eBP=JOB_SEARCH_ORGANIC&recommendedFlavor=ACTIVELY_HIRING_COMPANY&refId=kvD8uTUs8Ipvtqswy3868Q%3D%3D&trackingId=SA3ttu87cVxkYP88JU8K9w%3D%3D&trk=flagship3_search_srp_jobs
jod_id_167,comp_id_1036,"Python Developer,Python Programmer",Delhi, Delhi,India,detail_67,https://www.linkedin.com/jobs/view/3259826063/?eBP=JOB_SEARCH_ORGANIC&refId=kvD8uTUs8Ipvtqswy3868Q%3D%3D&trackingId=9s%2FGeftCP2F%2Fpizcuy2v0Q%3D%3D&trk=flagship3_search_srp_jobs
jod_id_168,comp_id_1037,MIS & Reporting,Chennai, Tamil Nadu,India,detail_68,https://www.linkedin.com/jobs/view/3262484069/?eBP=JOB_SEARCH_ORGANIC&recommendedFlavor=SCHOOL_RECRUIT&refId=kvD8uTUs8Ipvtqswy3868Q%3D%3D&trackingId=23WW75sxuwotEAf1GFE8tw%3D%3D&trk=flagship3_search_srp_jobs
jod_id_169,comp_id_1038,Power BI/Tableau Specialist - Data Analyst,Gurgaon, Haryana,India,detail_69,https://www.linkedin.com/jobs/view/3262719913/?eBP=JOB_SEARCH_ORGANIC&recommendedFlavor=ACTIVELY_HIRING_COMPANY&refId=kvD8uTUs8Ipvtqswy3868Q%3D%3D&trackingId=EFfTG6FGkCb%2Fv1NqkVn5Aw%3D%3D&trk=flagship3_search_srp_jobs
jod_id_170,comp_id_1039,Operations Management Intern,not_specify,not_specify,India,detail_70,https://www.linkedin.com/jobs/view/3261021406/?eBP=JOB_SEARCH_ORGANIC&recommendedFlavor=SCHOOL_RECRUIT&refId=kvD8uTUs8Ipvtqswy3868Q%3D%3D&trackingId=HWuIPYvM6J7SG%2Bfg1yaFSA%3D%3D&trk=flagship3_search_srp_jobs
jod_id_171,comp_id_1005,Machine Learning Advanced Application Engineer,Bengaluru, Karnataka,India,detail_71,https://www.linkedin.com/jobs/view/3260644911/?eBP=JOB_SEARCH_ORGANIC&recommendedFlavor=ACTIVELY_HIRING_COMPANY&refId=TVdxjkYl0ZBMuiti9MsaTw%3D%3D&trackingId=NhjMO7q5MVdCNHTtFnWDyw%3D%3D&trk=flagship3_search_srp_jobs
jod_id_172,comp_id_1005,Machine Learning Advanced Application Engineer,Bengaluru, Karnataka,India,detail_72,https://www.linkedin.com/jobs/view/3260646730/?eBP=JOB_SEARCH_ORGANIC&recommendedFlavor=SCHOOL_RECRUIT&refId=TVdxjkYl0ZBMuiti9MsaTw%3D%3D&trackingId=Fdonz2AF84ojkCYeJTying%3D%3D&trk=flagship3_search_srp_jobs
jod_id_173,comp_id_1005,Machine Learning Advanced Application Engineer,Bengaluru, Karnataka,India,detail_73,https://www.linkedin.com/jobs/view/3260648630/?eBP=JOB_SEARCH_ORGANIC&recommendedFlavor=SCHOOL_RECRUIT&refId=TVdxjkYl0ZBMuiti9MsaTw%3D%3D&trackingId=9Yyl7OjmAoG8iWRXpJCUnw%3D%3D&trk=flagship3_search_srp_jobs
jod_id_174,comp_id_1033,Hiring Graduates- BBA/Bcom/BA/B.sc 2021/2022 pass outs,Gurgaon, Haryana,India,detail_74,https://www.linkedin.com/jobs/view/3262470632/?eBP=JOB_SEARCH_ORGANIC&recommendedFlavor=ACTIVELY_HIRING_COMPANY&refId=TVdxjkYl0ZBMuiti9MsaTw%3D%3D&trackingId=Q5W5sY0f2NHK1mAXPEvgmw%3D%3D&trk=flagship3_search_srp_jobs
jod_id_175,comp_id_1040,Product Executive,Noida, Uttar Pradesh,India,detail_75,https://www.linkedin.com/jobs/view/3261134737/?eBP=JOB_SEARCH_ORGANIC&recommendedFlavor=ACTIVELY_HIRING_COMPANY&refId=TVdxjkYl0ZBMuiti9MsaTw%3D%3D&trackingId=DjkNpZvZMwSGspqL3EFhKg%3D%3D&trk=flagship3_search_srp_jobs
jod_id_176,comp_id_1041,Data Warehouse Developer,Hyderabad, Telangana,India,detail_76,https://www.linkedin.com/jobs/view/3261069439/?eBP=JOB_SEARCH_ORGANIC&recommendedFlavor=ACTIVELY_HIRING_COMPANY&refId=TVdxjkYl0ZBMuiti9MsaTw%3D%3D&trackingId=6sujfm0CTUBs1ONPhfFVFA%3D%3D&trk=flagship3_search_srp_jobs
jod_id_177,comp_id_1042,Marketing Intern,not_specify,not_specify,India,detail_77,https://www.linkedin.com/jobs/view/3263801730/?eBP=JOB_SEARCH_ORGANIC&recommendedFlavor=JOB_SEEKER_QUALIFIED&refId=TVdxjkYl0ZBMuiti9MsaTw%3D%3D&trackingId=Y%2FA%2Fm%2FnpLNx2QtV9uUroGA%3D%3D&trk=flagship3_search_srp_jobs
jod_id_178,comp_id_1043,Microsoft excel trainer,Noida, Uttar Pradesh,India,detail_78,https://www.linkedin.com/jobs/view/3256785494/?eBP=JOB_SEARCH_ORGANIC&recommendedFlavor=SCHOOL_RECRUIT&refId=lmxiZmjMxmiKIA%2Bzixf%2BbQ%3D%3D&trackingId=OyatnsUk9Wut95RgMxF8zQ%3D%3D&trk=flagship3_search_srp_jobs
jod_id_179,comp_id_1044,Customer Reporting Analyst,New Delhi, Delhi,India,detail_79,https://www.linkedin.com/jobs/view/3257814920/?eBP=JOB_SEARCH_ORGANIC&recommendedFlavor=SCHOOL_RECRUIT&refId=lmxiZmjMxmiKIA%2Bzixf%2BbQ%3D%3D&trackingId=wwIhE6Rmmw5yjjKDK5Wk%2Bg%3D%3D&trk=flagship3_search_srp_jobs
jod_id_180,comp_id_1045,Summer Intern,not_specify,not_specify,India,detail_80,https://www.linkedin.com/jobs/view/3261158134/?eBP=JOB_SEARCH_ORGANIC&recommendedFlavor=ACTIVELY_HIRING_COMPANY&refId=lmxiZmjMxmiKIA%2Bzixf%2BbQ%3D%3D&trackingId=mF%2FnXZj8GoyF3Rq7eupQsQ%3D%3D&trk=flagship3_search_srp_jobs
jod_id_181,comp_id_1046,Marketing Intern,not_specify,not_specify,India,detail_81,https://www.linkedin.com/jobs/view/3261092197/?eBP=JOB_SEARCH_ORGANIC&recommendedFlavor=JOB_SEEKER_QUALIFIED&refId=lmxiZmjMxmiKIA%2Bzixf%2BbQ%3D%3D&trackingId=3LUze4aqHnA4POE3JHBWUg%3D%3D&trk=flagship3_search_srp_jobs
jod_id_182,comp_id_1047,Student counselor for overseas education consultancy in Hyderabad,Hyderabad, Telangana,India,detail_82,https://www.linkedin.com/jobs/view/3262798085/?eBP=JOB_SEARCH_ORGANIC&recommendedFlavor=JOB_SEEKER_QUALIFIED&refId=lmxiZmjMxmiKIA%2Bzixf%2BbQ%3D%3D&trackingId=PCoTpyi0wI1ca8zykCROFw%3D%3D&trk=flagship3_search_srp_jobs
jod_id_183,comp_id_1046,Marketing Intern,not_specify,not_specify,India,detail_83,https://www.linkedin.com/jobs/view/3261122193/?eBP=JOB_SEARCH_ORGANIC&recommendedFlavor=JOB_SEEKER_QUALIFIED&refId=lmxiZmjMxmiKIA%2Bzixf%2BbQ%3D%3D&trackingId=yvG9IZnUlqwc3jAUcc%2BIXA%3D%3D&trk=flagship3_search_srp_jobs
jod_id_184,comp_id_1048,Business/System Analyst,Bengaluru, Karnataka,India,detail_84,https://www.linkedin.com/jobs/view/3263861296/?eBP=JOB_SEARCH_ORGANIC&recommendedFlavor=SCHOOL_RECRUIT&refId=lmxiZmjMxmiKIA%2Bzixf%2BbQ%3D%3D&trackingId=48yetbpH3gpOszy9OxOWBQ%3D%3D&trk=flagship3_search_srp_jobs
jod_id_185,comp_id_1005,MySQL Data Platform Engineer,Hyderabad, Telangana,India,detail_85,https://www.linkedin.com/jobs/view/3260647724/?eBP=JOB_SEARCH_ORGANIC&recommendedFlavor=ACTIVELY_HIRING_COMPANY&refId=KpR3udB5v3pQlJgTqTuhaA%3D%3D&trackingId=mBccQcEBWoFqLKdNsGvc1g%3D%3D&trk=flagship3_search_srp_jobs
jod_id_186,comp_id_1005,Machine Learning Advanced Application Engineer,Bengaluru, Karnataka,India,detail_86,https://www.linkedin.com/jobs/view/3260647751/?eBP=JOB_SEARCH_ORGANIC&recommendedFlavor=SCHOOL_RECRUIT&refId=KpR3udB5v3pQlJgTqTuhaA%3D%3D&trackingId=ZQ7ol8LObnFurW0IhSzKPA%3D%3D&trk=flagship3_search_srp_jobs
jod_id_187,comp_id_1005,Machine Learning Advanced Application Engineer,Bengaluru, Karnataka,India,detail_87,https://www.linkedin.com/jobs/view/3260643963/?eBP=JOB_SEARCH_ORGANIC&recommendedFlavor=SCHOOL_RECRUIT&refId=KpR3udB5v3pQlJgTqTuhaA%3D%3D&trackingId=pUVGxzRPQFOKXyXuPHwPIQ%3D%3D&trk=flagship3_search_srp_jobs
jod_id_188,comp_id_1049,Pricing Analyst,Mumbai, Maharashtra,India,detail_88,https://www.linkedin.com/jobs/view/3262433113/?eBP=JOB_SEARCH_ORGANIC&recommendedFlavor=ACTIVELY_HIRING_COMPANY&refId=KpR3udB5v3pQlJgTqTuhaA%3D%3D&trackingId=QC38Mq2IQ8wsQgFycwv8UA%3D%3D&trk=flagship3_search_srp_jobs
jod_id_189,comp_id_1046,Marketing Intern,not_specify,not_specify,India,detail_89,https://www.linkedin.com/jobs/view/3261090375/?eBP=JOB_SEARCH_ORGANIC&recommendedFlavor=JOB_SEEKER_QUALIFIED&refId=KpR3udB5v3pQlJgTqTuhaA%3D%3D&trackingId=PSlvgTO2tRZS2oDTIXmnEg%3D%3D&trk=flagship3_search_srp_jobs
jod_id_190,comp_id_1050,Data/Research/Business Analyst,Pune, Maharashtra,India,detail_90,https://www.linkedin.com/jobs/view/3256969917/?eBP=JOB_SEARCH_ORGANIC&recommendedFlavor=ACTIVELY_HIRING_COMPANY&refId=KpR3udB5v3pQlJgTqTuhaA%3D%3D&trackingId=rMWdFf%2FXCmGyDKMEl7tqKQ%3D%3D&trk=flagship3_search_srp_jobs
jod_id_191,comp_id_1051,Business Development Intern,not_specify,not_specify,India,detail_91,https://www.linkedin.com/jobs/view/3256501364/?eBP=JOB_SEARCH_ORGANIC&recommendedFlavor=JOB_SEEKER_QUALIFIED&refId=KpR3udB5v3pQlJgTqTuhaA%3D%3D&trackingId=bwZl7ezDugILhZgclo2KsA%3D%3D&trk=flagship3_search_srp_jobs
jod_id_192,comp_id_1005,Machine Learning Advanced Application Engineer,Kolkata, West Bengal,India,detail_92,https://www.linkedin.com/jobs/view/3260644917/?eBP=JOB_SEARCH_ORGANIC&recommendedFlavor=SCHOOL_RECRUIT&refId=Iv9s5zs51au6bIbC06FpVg%3D%3D&trackingId=FIBNIFIXI05xEJ4LED5SDw%3D%3D&trk=flagship3_search_srp_jobs
jod_id_193,comp_id_1052,Data Scientist,Gurugram, Haryana,India,detail_93,https://www.linkedin.com/jobs/view/3256395141/?eBP=JOB_SEARCH_ORGANIC&recommendedFlavor=SCHOOL_RECRUIT&refId=Iv9s5zs51au6bIbC06FpVg%3D%3D&trackingId=7EjPSf4YD3KNveChmN8vig%3D%3D&trk=flagship3_search_srp_jobs
jod_id_194,comp_id_1046,Marketing Intern,not_specify,not_specify,India,detail_94,https://www.linkedin.com/jobs/view/3261085823/?eBP=JOB_SEARCH_ORGANIC&recommendedFlavor=JOB_SEEKER_QUALIFIED&refId=Iv9s5zs51au6bIbC06FpVg%3D%3D&trackingId=3vi0mts6Ag3abh18UJaYnA%3D%3D&trk=flagship3_search_srp_jobs
jod_id_195,comp_id_1053,DQ Business Analyst,Mumbai, Maharashtra,India,detail_95,https://www.linkedin.com/jobs/view/3257338117/?eBP=JOB_SEARCH_ORGANIC&recommendedFlavor=SCHOOL_RECRUIT&refId=Iv9s5zs51au6bIbC06FpVg%3D%3D&trackingId=lfSirILqIQwQBr8Io4Kwlw%3D%3D&trk=flagship3_search_srp_jobs
jod_id_196,comp_id_1054,MEM Data Analyst,Bengaluru, Karnataka,India,detail_96,https://www.linkedin.com/jobs/view/3256982421/?eBP=JOB_SEARCH_ORGANIC&recommendedFlavor=SCHOOL_RECRUIT&refId=Iv9s5zs51au6bIbC06FpVg%3D%3D&trackingId=ebPtP4JSnC12YvYNOOuI3w%3D%3D&trk=flagship3_search_srp_jobs
jod_id_197,comp_id_1055,Galytix Analytics - Senior Data Modeler,Gurugram, Haryana,India,detail_97,https://www.linkedin.com/jobs/view/3257388581/?eBP=JOB_SEARCH_ORGANIC&recommendedFlavor=ACTIVELY_HIRING_COMPANY&refId=Iv9s5zs51au6bIbC06FpVg%3D%3D&trackingId=O%2BwZT%2B7D%2BPatdvkGd%2BhP9g%3D%3D&trk=flagship3_search_srp_jobs
jod_id_198,comp_id_1056,Product Analytics Internship in Bangalore at Reward360 Global Services Private Limited,Bengaluru, Karnataka,India,detail_98,https://www.linkedin.com/jobs/view/3256976997/?eBP=JOB_SEARCH_ORGANIC&recommendedFlavor=ACTIVELY_HIRING_COMPANY&refId=Iv9s5zs51au6bIbC06FpVg%3D%3D&trackingId=vINmCZzdZzVz7YyYJGCeZw%3D%3D&trk=flagship3_search_srp_jobs
jod_id_199,comp_id_1057,Python developer,Delhi, Delhi,India,detail_99,https://www.linkedin.com/jobs/view/3258108975/?eBP=JOB_SEARCH_ORGANIC&refId=epi2EAm%2BCP9Qz8BvyPBk7Q%3D%3D&trackingId=7%2B5zzuXYMxXG21SS2LL4UA%3D%3D&trk=flagship3_search_srp_jobs
jod_id_200,comp_id_1005,Machine Learning Advanced Application Engineer,Bengaluru, Karnataka,India,detail_100,https://www.linkedin.com/jobs/view/3260645705/?eBP=JOB_SEARCH_ORGANIC&recommendedFlavor=SCHOOL_RECRUIT&refId=epi2EAm%2BCP9Qz8BvyPBk7Q%3D%3D&trackingId=M1f3FucHIfHcKXHvzEm06g%3D%3D&trk=flagship3_search_srp_jobs
jod_id_201,comp_id_1058,Graduate Student,Indore, Madhya Pradesh,India,detail_101,https://www.linkedin.com/jobs/view/3261164142/?eBP=JOB_SEARCH_ORGANIC&recommendedFlavor=JOB_SEEKER_QUALIFIED&refId=epi2EAm%2BCP9Qz8BvyPBk7Q%3D%3D&trackingId=8T2Hq6vekNxngtcksccoKw%3D%3D&trk=flagship3_search_srp_jobs
jod_id_202,comp_id_1005,Machine Learning Advanced Application Engineer,Bengaluru, Karnataka,India,detail_102,https://www.linkedin.com/jobs/view/3260651015/?eBP=JOB_SEARCH_ORGANIC&recommendedFlavor=SCHOOL_RECRUIT&refId=epi2EAm%2BCP9Qz8BvyPBk7Q%3D%3D&trackingId=VOZhf4815joci7FFrqy7Eg%3D%3D&trk=flagship3_search_srp_jobs
jod_id_203,comp_id_1059,Dmart Hiring MIS Executive-Bangalore,Bengaluru, Karnataka,India,detail_103,https://www.linkedin.com/jobs/view/3261064943/?eBP=JOB_SEARCH_ORGANIC&recommendedFlavor=ACTIVELY_HIRING_COMPANY&refId=epi2EAm%2BCP9Qz8BvyPBk7Q%3D%3D&trackingId=Y28N3zs65WUzIL2GZqlQ6w%3D%3D&trk=flagship3_search_srp_jobs
jod_id_204,comp_id_1005,Machine Learning Advanced Application Engineer,Bengaluru, Karnataka,India,detail_104,https://www.linkedin.com/jobs/view/3260651027/?eBP=JOB_SEARCH_ORGANIC&recommendedFlavor=SCHOOL_RECRUIT&refId=epi2EAm%2BCP9Qz8BvyPBk7Q%3D%3D&trackingId=fuKAjkOME%2FfrjskiTSC1DA%3D%3D&trk=flagship3_search_srp_jobs
jod_id_205,comp_id_1060,Business Development Associate,Indore, Madhya Pradesh,India,detail_105,https://www.linkedin.com/jobs/view/3261121577/?eBP=JOB_SEARCH_ORGANIC&recommendedFlavor=SCHOOL_RECRUIT&refId=epi2EAm%2BCP9Qz8BvyPBk7Q%3D%3D&trackingId=Kw5UEZCRPg0OpUOwAMC4aQ%3D%3D&trk=flagship3_search_srp_jobs
jod_id_206,comp_id_1061,Salesforce Administrator,Pune, Maharashtra,India,detail_106,https://www.linkedin.com/jobs/view/3257310634/?eBP=JOB_SEARCH_ORGANIC&recommendedFlavor=ACTIVELY_HIRING_COMPANY&refId=DLRXKo5qzqFe7pto9bSEMg%3D%3D&trackingId=wcuU2noFuWyaT6IXghKDTQ%3D%3D&trk=flagship3_search_srp_jobs
jod_id_207,comp_id_1062,I&A Ops & Automation Analyst,Bengaluru, Karnataka,India,detail_107,https://www.linkedin.com/jobs/view/3257811730/?eBP=JOB_SEARCH_ORGANIC&recommendedFlavor=SCHOOL_RECRUIT&refId=DLRXKo5qzqFe7pto9bSEMg%3D%3D&trackingId=Y8Z44PvpV2xqQhgAFvAmvw%3D%3D&trk=flagship3_search_srp_jobs
jod_id_208,comp_id_1063,Business Analyst/Enterprise Technology,Pune, Maharashtra,India,detail_108,https://www.linkedin.com/jobs/view/3256824246/?eBP=JOB_SEARCH_ORGANIC&recommendedFlavor=SCHOOL_RECRUIT&refId=DLRXKo5qzqFe7pto9bSEMg%3D%3D&trackingId=2VSyV1%2BSl21hpD%2FAjG%2FDCg%3D%3D&trk=flagship3_search_srp_jobs
jod_id_209,comp_id_1064,Business Analyst/Senior Analyst - Data Analytics - IIT/BITS/NIT,Hyderabad, Telangana,India,detail_109,https://www.linkedin.com/jobs/view/3256991126/?eBP=JOB_SEARCH_ORGANIC&recommendedFlavor=ACTIVELY_HIRING_COMPANY&refId=DLRXKo5qzqFe7pto9bSEMg%3D%3D&trackingId=07ezuYpBYuPh7FFuSevGXA%3D%3D&trk=flagship3_search_srp_jobs
jod_id_210,comp_id_1065,"Analyst, Reporting &Validation",Vadodara, Gujarat,India,detail_110,https://www.linkedin.com/jobs/view/3257300806/?eBP=JOB_SEARCH_ORGANIC&recommendedFlavor=SCHOOL_RECRUIT&refId=DLRXKo5qzqFe7pto9bSEMg%3D%3D&trackingId=9HK2iZnKp9HNR7pf5iJulQ%3D%3D&trk=flagship3_search_srp_jobs
jod_id_211,comp_id_1005,Machine Learning Advanced Application Engineer,Bengaluru, Karnataka,India,detail_111,https://www.linkedin.com/jobs/view/3260646773/?eBP=JOB_SEARCH_ORGANIC&recommendedFlavor=SCHOOL_RECRUIT&refId=DLRXKo5qzqFe7pto9bSEMg%3D%3D&trackingId=6sQ0y2dTeMQdvnLbwjj%2Fww%3D%3D&trk=flagship3_search_srp_jobs
jod_id_212,comp_id_1066,Marketing Intern,not_specify,not_specify,India,detail_112,https://www.linkedin.com/jobs/view/3261152497/?eBP=JOB_SEARCH_ORGANIC&recommendedFlavor=JOB_SEEKER_QUALIFIED&refId=DLRXKo5qzqFe7pto9bSEMg%3D%3D&trackingId=Fz9Uf2HqD%2BHQnIUsUL5YfQ%3D%3D&trk=flagship3_search_srp_jobs
jod_id_213,comp_id_1067,Marketing Operations Intern,not_specify,not_specify,India,detail_113,https://www.linkedin.com/jobs/view/3260692623/?eBP=JOB_SEARCH_ORGANIC&recommendedFlavor=ACTIVELY_HIRING_COMPANY&refId=ZFXHhqxIjss2mqGiGdNP0A%3D%3D&trackingId=tJPPXIgkbLFe97HHP8pHNA%3D%3D&trk=flagship3_search_srp_jobs
jod_id_214,comp_id_1068,Researcher,Mumbai, Maharashtra,India,detail_114,https://www.linkedin.com/jobs/view/3263799624/?eBP=JOB_SEARCH_ORGANIC&recommendedFlavor=ACTIVELY_HIRING_COMPANY&refId=ZFXHhqxIjss2mqGiGdNP0A%3D%3D&trackingId=qr7x0jvyqmohWeoSsB3PPg%3D%3D&trk=flagship3_search_srp_jobs
jod_id_215,comp_id_1069,Technical Trainer,not_specify,not_specify,India,detail_115,https://www.linkedin.com/jobs/view/3261105534/?eBP=JOB_SEARCH_ORGANIC&refId=ZFXHhqxIjss2mqGiGdNP0A%3D%3D&trackingId=Qcot0j3dHoBf2L0TZcqvqA%3D%3D&trk=flagship3_search_srp_jobs
jod_id_216,comp_id_1012,Market Risk Stress Testing Analyst,Mumbai, Maharashtra,India,detail_116,https://www.linkedin.com/jobs/view/3256505359/?eBP=JOB_SEARCH_ORGANIC&recommendedFlavor=SCHOOL_RECRUIT&refId=ZFXHhqxIjss2mqGiGdNP0A%3D%3D&trackingId=MtLtBA3747JkYM2X7QlS9g%3D%3D&trk=flagship3_search_srp_jobs
jod_id_217,comp_id_1070,Salesforce Business Analyst,Noida, Uttar Pradesh,India,detail_117,https://www.linkedin.com/jobs/view/3261137750/?eBP=JOB_SEARCH_ORGANIC&recommendedFlavor=SCHOOL_RECRUIT&refId=ZFXHhqxIjss2mqGiGdNP0A%3D%3D&trackingId=7NCaCnjlhIJdQp1QWzGfIg%3D%3D&trk=flagship3_search_srp_jobs
jod_id_218,comp_id_1071,SIM Advisory - Associates/Consultant - Analytics Consulting - Management Consulting Projects,Bengaluru, Karnataka,India,detail_118,https://www.linkedin.com/jobs/view/3259947330/?eBP=JOB_SEARCH_ORGANIC&refId=ZFXHhqxIjss2mqGiGdNP0A%3D%3D&trackingId=YltutfG1xwKgzEt098Ti%2FA%3D%3D&trk=flagship3_search_srp_jobs
jod_id_219,comp_id_1072,"Business Analysis Internship in Madurai, Bangalore at Novastrid IT Ventures",Madurai, Tamil Nadu,India,detail_119,https://www.linkedin.com/jobs/view/3261112965/?eBP=JOB_SEARCH_ORGANIC&refId=ZFXHhqxIjss2mqGiGdNP0A%3D%3D&trackingId=wz%2BPAX1xSf6GVN6k5EfZkQ%3D%3D&trk=flagship3_search_srp_jobs
jod_id_220,comp_id_1005,Python Programming Language Application Support Engineer,Gurgaon, Haryana,India,detail_120,https://www.linkedin.com/jobs/view/3260652085/?eBP=JOB_SEARCH_ORGANIC&recommendedFlavor=SCHOOL_RECRUIT&refId=FTQ0WqJmYkMr96QgfOJeFA%3D%3D&trackingId=FPz0o27rqcdbu%2FzZGTG%2B4Q%3D%3D&trk=flagship3_search_srp_jobs
jod_id_221,comp_id_1073,Intern Graduate,Bengaluru, Karnataka,India,detail_121,https://www.linkedin.com/jobs/view/3259911417/?eBP=JOB_SEARCH_ORGANIC&recommendedFlavor=ACTIVELY_HIRING_COMPANY&refId=FTQ0WqJmYkMr96QgfOJeFA%3D%3D&trackingId=HuirVVbmWg5W1Vygjf6%2Fyw%3D%3D&trk=flagship3_search_srp_jobs
jod_id_222,comp_id_1074,Growth Analyst,Mumbai, Maharashtra,India,detail_122,https://www.linkedin.com/jobs/view/3263217400/?eBP=JOB_SEARCH_ORGANIC&recommendedFlavor=SCHOOL_RECRUIT&refId=FTQ0WqJmYkMr96QgfOJeFA%3D%3D&trackingId=GYFwkOyN8eE2s%2B3tvkyDBg%3D%3D&trk=flagship3_search_srp_jobs
jod_id_223,comp_id_1075,Analyst,Nagar Untari, Jharkhand,India,detail_123,https://www.linkedin.com/jobs/view/3259995886/?eBP=JOB_SEARCH_ORGANIC&refId=FTQ0WqJmYkMr96QgfOJeFA%3D%3D&trackingId=JNcBMbXwlHtqko7owPRBUw%3D%3D&trk=flagship3_search_srp_jobs
jod_id_224,comp_id_1037,"Associate, Machine Learning Engineer, Investment and Trading Technology",Greater Hyderabad Area,not_specify,India,detail_124,https://www.linkedin.com/jobs/view/3262483223/?eBP=JOB_SEARCH_ORGANIC&recommendedFlavor=SCHOOL_RECRUIT&refId=FTQ0WqJmYkMr96QgfOJeFA%3D%3D&trackingId=LT2coU53GpAkKnLZHe5U6Q%3D%3D&trk=flagship3_search_srp_jobs
jod_id_225,comp_id_1005,Machine Learning Advanced Application Engineer,Chennai, Tamil Nadu,India,detail_125,https://www.linkedin.com/jobs/view/3260644909/?eBP=JOB_SEARCH_ORGANIC&recommendedFlavor=SCHOOL_RECRUIT&refId=FTQ0WqJmYkMr96QgfOJeFA%3D%3D&trackingId=WAg4VHzAmNbeEEowyolQHw%3D%3D&trk=flagship3_search_srp_jobs
jod_id_226,comp_id_1060,Business Development Associate,Ahmedabad, Gujarat,India,detail_126,https://www.linkedin.com/jobs/view/3261036780/?eBP=JOB_SEARCH_ORGANIC&recommendedFlavor=JOB_SEEKER_QUALIFIED&refId=FTQ0WqJmYkMr96QgfOJeFA%3D%3D&trackingId=jH0W7eO4mVaBcB97iKT9Lg%3D%3D&trk=flagship3_search_srp_jobs
jod_id_227,comp_id_1076,Data Entry Specialist,not_specify,not_specify,India,detail_127,https://www.linkedin.com/jobs/view/3256567011/?eBP=JOB_SEARCH_ORGANIC&recommendedFlavor=JOB_SEEKER_QUALIFIED&refId=tJKrdxJKg5swMIrj0HNS6A%3D%3D&trackingId=ar1q4avJmIn14NlJz9ykzg%3D%3D&trk=flagship3_search_srp_jobs
jod_id_228,comp_id_1058,Fresher and unemployed,Gurugram, Haryana,India,detail_128,https://www.linkedin.com/jobs/view/3261115968/?eBP=JOB_SEARCH_ORGANIC&recommendedFlavor=ACTIVELY_HIRING_COMPANY&refId=tJKrdxJKg5swMIrj0HNS6A%3D%3D&trackingId=IpYjbeMfOIcGcrwNSP4p7A%3D%3D&trk=flagship3_search_srp_jobs
jod_id_229,comp_id_1017,Manual Reporting - Associate 2,Bengaluru, Karnataka,India,detail_129,https://www.linkedin.com/jobs/view/3260627378/?eBP=JOB_SEARCH_ORGANIC&recommendedFlavor=SCHOOL_RECRUIT&refId=tJKrdxJKg5swMIrj0HNS6A%3D%3D&trackingId=bHjqy8xEKBXZcmpkOh1Lkw%3D%3D&trk=flagship3_search_srp_jobs
jod_id_230,comp_id_1005,Data Governance Data Platform Engineer,Mumbai, Maharashtra,India,detail_130,https://www.linkedin.com/jobs/view/3260650003/?eBP=JOB_SEARCH_ORGANIC&recommendedFlavor=SCHOOL_RECRUIT&refId=tJKrdxJKg5swMIrj0HNS6A%3D%3D&trackingId=Kl7nEzEZscC%2FQ3e0007P3A%3D%3D&trk=flagship3_search_srp_jobs
jod_id_231,comp_id_1077,Business Development Associate,Bengaluru, Karnataka,India,detail_131,https://www.linkedin.com/jobs/view/3263644713/?eBP=JOB_SEARCH_ORGANIC&recommendedFlavor=ACTIVELY_HIRING_COMPANY&refId=tJKrdxJKg5swMIrj0HNS6A%3D%3D&trackingId=PhDQmFCXSPTQMt%2BV0UdpPA%3D%3D&trk=flagship3_search_srp_jobs
jod_id_232,comp_id_1005,Team Lead/Consultant-Data Science,Mumbai, Maharashtra,India,detail_132,https://www.linkedin.com/jobs/view/3260646847/?eBP=JOB_SEARCH_ORGANIC&recommendedFlavor=SCHOOL_RECRUIT&refId=tJKrdxJKg5swMIrj0HNS6A%3D%3D&trackingId=0prQhaa3jW4vROCIm5HFng%3D%3D&trk=flagship3_search_srp_jobs
jod_id_233,comp_id_1078,Production Management Analyst (0-1 year experience),Mumbai, Maharashtra,India,detail_133,https://www.linkedin.com/jobs/view/3258567321/?eBP=JOB_SEARCH_ORGANIC&recommendedFlavor=ACTIVELY_HIRING_COMPANY&refId=tJKrdxJKg5swMIrj0HNS6A%3D%3D&trackingId=SExha4bG1yVjNzx1VBs9kQ%3D%3D&trk=flagship3_search_srp_jobs
jod_id_234,comp_id_1079,Online work for freshers,not_specify,not_specify,India,detail_134,https://www.linkedin.com/jobs/view/3261120949/?eBP=JOB_SEARCH_ORGANIC&recommendedFlavor=JOB_SEEKER_QUALIFIED&refId=kslvkHtuDG99azeWERWbvA%3D%3D&trackingId=oB9T58qpIAV4OM7wi1wBvw%3D%3D&trk=flagship3_search_srp_jobs
jod_id_235,comp_id_1009,Business Analyst,Mangaluru, Karnataka,India,detail_135,https://www.linkedin.com/jobs/view/3261074242/?eBP=JOB_SEARCH_ORGANIC&refId=kslvkHtuDG99azeWERWbvA%3D%3D&trackingId=9H29HfB4PWMYo6n7BV3O4g%3D%3D&trk=flagship3_search_srp_jobs
jod_id_236,comp_id_1080,Business Development Associate,Vadodara, Gujarat,India,detail_136,https://www.linkedin.com/jobs/view/3261042007/?eBP=JOB_SEARCH_ORGANIC&recommendedFlavor=JOB_SEEKER_QUALIFIED&refId=kslvkHtuDG99azeWERWbvA%3D%3D&trackingId=AtbnBBsc%2FptIXp%2B4FXlwQQ%3D%3D&trk=flagship3_search_srp_jobs
jod_id_237,comp_id_1081,Social media handling (Business start-up),Guwahati, Assam,India,detail_137,https://www.linkedin.com/jobs/view/3261062888/?eBP=JOB_SEARCH_ORGANIC&recommendedFlavor=ACTIVELY_HIRING_COMPANY&refId=kslvkHtuDG99azeWERWbvA%3D%3D&trackingId=gbPnn9WYMHSBhXJYFKtGow%3D%3D&trk=flagship3_search_srp_jobs
jod_id_238,comp_id_1082,Urgent Opening for Business Intelligence Developer,Hyderabad, Telangana,India,detail_138,https://www.linkedin.com/jobs/view/3261079966/?eBP=JOB_SEARCH_ORGANIC&recommendedFlavor=ACTIVELY_HIRING_COMPANY&refId=kslvkHtuDG99azeWERWbvA%3D%3D&trackingId=iYcQp60ZpanmVFkvbg0RCQ%3D%3D&trk=flagship3_search_srp_jobs
jod_id_239,comp_id_1060,Business Development Associate- Inside sales,Hyderabad, Telangana,India,detail_139,https://www.linkedin.com/jobs/view/3256566105/?eBP=JOB_SEARCH_ORGANIC&recommendedFlavor=JOB_SEEKER_QUALIFIED&refId=kslvkHtuDG99azeWERWbvA%3D%3D&trackingId=Ab5AsMXilncDb6KMVu84oQ%3D%3D&trk=flagship3_search_srp_jobs
jod_id_240,comp_id_1005,India Market Unit - Data Engineering - 08,Ahmedabad, Gujarat,India,detail_140,https://www.linkedin.com/jobs/view/3259873808/?eBP=JOB_SEARCH_ORGANIC&recommendedFlavor=SCHOOL_RECRUIT&refId=kslvkHtuDG99azeWERWbvA%3D%3D&trackingId=Fri4%2BoXeCj9q09DHvSo3LA%3D%3D&trk=flagship3_search_srp_jobs
jod_id_241,comp_id_1019,Finance and Marketing Intern,not_specify,not_specify,India,detail_141,https://www.linkedin.com/jobs/view/3259949998/?eBP=JOB_SEARCH_ORGANIC&recommendedFlavor=JOB_SEEKER_QUALIFIED&refId=CMx1tpQx2pMbXImXboyiPQ%3D%3D&trackingId=g2rOm2J6T8gPqn8nXdKHwA%3D%3D&trk=flagship3_search_srp_jobs
jod_id_242,comp_id_1063,Analytics Lead,Hyderabad, Telangana,India,detail_142,https://www.linkedin.com/jobs/view/3258508588/?eBP=JOB_SEARCH_ORGANIC&recommendedFlavor=SCHOOL_RECRUIT&refId=CMx1tpQx2pMbXImXboyiPQ%3D%3D&trackingId=Nis3SDs1VDw38o6%2FIkIsVQ%3D%3D&trk=flagship3_search_srp_jobs
jod_id_243,comp_id_1083,Data Analytics Specialist,Bengaluru, Karnataka,India,detail_143,https://www.linkedin.com/jobs/view/3257601698/?eBP=JOB_SEARCH_ORGANIC&recommendedFlavor=SCHOOL_RECRUIT&refId=CMx1tpQx2pMbXImXboyiPQ%3D%3D&trackingId=2ft8m8mBedWDmEoyR5VKBg%3D%3D&trk=flagship3_search_srp_jobs
jod_id_244,comp_id_1084,Freshers,Delhi, not_specify,India,detail_144,https://www.linkedin.com/jobs/view/3261092564/?eBP=JOB_SEARCH_ORGANIC&refId=CMx1tpQx2pMbXImXboyiPQ%3D%3D&trackingId=abwsmOfcbYkvzkjOEkzw5g%3D%3D&trk=flagship3_search_srp_jobs
jod_id_245,comp_id_1005,Senior Analyst-Data Management,Bengaluru, Karnataka,India,detail_145,https://www.linkedin.com/jobs/view/3260648718/?eBP=JOB_SEARCH_ORGANIC&recommendedFlavor=ACTIVELY_HIRING_COMPANY&refId=CMx1tpQx2pMbXImXboyiPQ%3D%3D&trackingId=%2FgffYzp5MQvv7YuBO2z6aA%3D%3D&trk=flagship3_search_srp_jobs
jod_id_246,comp_id_1085,Online work from all India,not_specify,not_specify,India,detail_146,https://www.linkedin.com/jobs/view/3261124868/?eBP=JOB_SEARCH_ORGANIC&recommendedFlavor=JOB_SEEKER_QUALIFIED&refId=CMx1tpQx2pMbXImXboyiPQ%3D%3D&trackingId=wlgHdFGnF%2BaLOPJxZiJCoQ%3D%3D&trk=flagship3_search_srp_jobs
jod_id_247,comp_id_1086,Business Analyst,Pune, Maharashtra,India,detail_147,https://www.linkedin.com/jobs/view/3261023005/?eBP=JOB_SEARCH_ORGANIC&recommendedFlavor=ACTIVELY_HIRING_COMPANY&refId=CMx1tpQx2pMbXImXboyiPQ%3D%3D&trackingId=34msAiJ5vtT2iaUE8FuHzw%3D%3D&trk=flagship3_search_srp_jobs
jod_id_248,comp_id_1087,Markets Data Management Associate,Chennai, Tamil Nadu,India,detail_148,https://www.linkedin.com/jobs/view/3259925935/?eBP=JOB_SEARCH_ORGANIC&refId=HlmySCd6%2FzzUAhCJMJjGoQ%3D%3D&trackingId=BztpBvc6XvdnNzsrUQPJ2A%3D%3D&trk=flagship3_search_srp_jobs
jod_id_249,comp_id_1028,Executive - Performance,Bengaluru, Karnataka,India,detail_149,https://www.linkedin.com/jobs/view/3262487672/?eBP=JOB_SEARCH_ORGANIC&recommendedFlavor=SCHOOL_RECRUIT&refId=HlmySCd6%2FzzUAhCJMJjGoQ%3D%3D&trackingId=FyjnLHrHi86pTrPLPApD%2Fg%3D%3D&trk=flagship3_search_srp_jobs
jod_id_250,comp_id_1005,Business Requirement Analysis Application Developer,Kolkata, West Bengal,India,detail_150,https://www.linkedin.com/jobs/view/3260648664/?eBP=JOB_SEARCH_ORGANIC&recommendedFlavor=SCHOOL_RECRUIT&refId=HlmySCd6%2FzzUAhCJMJjGoQ%3D%3D&trackingId=XRq9I%2FP5M%2FE0za5hfwKyWA%3D%3D&trk=flagship3_search_srp_jobs
jod_id_251,comp_id_1088,Specialist- CFIB (Corporate Finance & Investment Banking),Gurugram, Haryana,India,detail_151,https://www.linkedin.com/jobs/view/3263872950/?eBP=JOB_SEARCH_ORGANIC&recommendedFlavor=SCHOOL_RECRUIT&refId=HlmySCd6%2FzzUAhCJMJjGoQ%3D%3D&trackingId=6IsY8jF4Ln1gAtgWnBL7RA%3D%3D&trk=flagship3_search_srp_jobs
jod_id_252,comp_id_1089,Business Analyst,Karnataka, not_specify,India,detail_152,https://www.linkedin.com/jobs/view/3261070705/?eBP=JOB_SEARCH_ORGANIC&refId=HlmySCd6%2FzzUAhCJMJjGoQ%3D%3D&trackingId=S4VSQQfw1EehPZP3aIvjEA%3D%3D&trk=flagship3_search_srp_jobs
jod_id_253,comp_id_1090,India based Analyst,New Delhi, Delhi,India,detail_153,https://www.linkedin.com/jobs/view/3261149264/?eBP=JOB_SEARCH_ORGANIC&refId=HlmySCd6%2FzzUAhCJMJjGoQ%3D%3D&trackingId=SiFMUIiAHRDGJCn3G86d2w%3D%3D&trk=flagship3_search_srp_jobs
jod_id_254,comp_id_1091,Associate,Kolkata, West Bengal,India,detail_154,https://www.linkedin.com/jobs/view/3260697419/?eBP=JOB_SEARCH_ORGANIC&recommendedFlavor=JOB_SEEKER_QUALIFIED&refId=HlmySCd6%2FzzUAhCJMJjGoQ%3D%3D&trackingId=mjtMzVvk%2FTQHbAd%2Bx5oRJw%3D%3D&trk=flagship3_search_srp_jobs
jod_id_255,comp_id_1092,Consulting Analyst,Bangalore Urban, Karnataka,India,detail_155,https://www.linkedin.com/jobs/view/3262318330/?eBP=JOB_SEARCH_ORGANIC&recommendedFlavor=ACTIVELY_HIRING_COMPANY&refId=cookxOM%2Bw7O3RbULQHOgrw%3D%3D&trackingId=MA0JnjINxfNdX%2BooIYYcQg%3D%3D&trk=flagship3_search_srp_jobs
jod_id_256,comp_id_1093,Customer Support Analyst,not_specify,not_specify,India,detail_156,https://www.linkedin.com/jobs/view/3256558675/?eBP=JOB_SEARCH_ORGANIC&recommendedFlavor=ACTIVELY_HIRING_COMPANY&refId=cookxOM%2Bw7O3RbULQHOgrw%3D%3D&trackingId=Lw3%2BU7ENtes8kmc4ePEjMQ%3D%3D&trk=flagship3_search_srp_jobs
jod_id_257,comp_id_1094,"Deputy Manager_Assistant Lead_Data Analyst, UNIX, SQL_Pune",Pune, Maharashtra,India,detail_157,https://www.linkedin.com/jobs/view/3260647601/?eBP=JOB_SEARCH_ORGANIC&recommendedFlavor=SCHOOL_RECRUIT&refId=cookxOM%2Bw7O3RbULQHOgrw%3D%3D&trackingId=q9O2dKbGvGZGWb5hJBgNog%3D%3D&trk=flagship3_search_srp_jobs
jod_id_258,comp_id_1095,Digital Marketing Intern,Dehradun, Uttarakhand,India,detail_158,https://www.linkedin.com/jobs/view/3261014743/?eBP=JOB_SEARCH_ORGANIC&refId=cookxOM%2Bw7O3RbULQHOgrw%3D%3D&trackingId=wX9odGNOsx8vRZIEzAhQFg%3D%3D&trk=flagship3_search_srp_jobs
jod_id_259,comp_id_1096,Part time,Pune, Maharashtra,India,detail_159,https://www.linkedin.com/jobs/view/3260692158/?eBP=JOB_SEARCH_ORGANIC&recommendedFlavor=ACTIVELY_HIRING_COMPANY&refId=cookxOM%2Bw7O3RbULQHOgrw%3D%3D&trackingId=%2FKsIUNBfzwNZrVPps%2Bv65g%3D%3D&trk=flagship3_search_srp_jobs
jod_id_260,comp_id_1097,Associate Support Consultant,Pune, Maharashtra,India,detail_160,https://www.linkedin.com/jobs/view/3261862642/?eBP=JOB_SEARCH_ORGANIC&recommendedFlavor=SCHOOL_RECRUIT&refId=cookxOM%2Bw7O3RbULQHOgrw%3D%3D&trackingId=q3RuCmgAgcxylb9CKbCoEA%3D%3D&trk=flagship3_search_srp_jobs
jod_id_261,comp_id_1098,Performance Reporting Associate,Mumbai, Maharashtra,India,detail_161,https://www.linkedin.com/jobs/view/3263861340/?eBP=JOB_SEARCH_ORGANIC&recommendedFlavor=SCHOOL_RECRUIT&refId=cookxOM%2Bw7O3RbULQHOgrw%3D%3D&trackingId=2zwh182Cfk1JaRd%2BX1HK3g%3D%3D&trk=flagship3_search_srp_jobs
jod_id_262,comp_id_1099,Digital Marketing Internship in Noida at New Tech Solution,Noida, Uttar Pradesh,India,detail_162,https://www.linkedin.com/jobs/view/3261117272/?eBP=JOB_SEARCH_ORGANIC&recommendedFlavor=JOB_SEEKER_QUALIFIED&refId=knK8ue70NgMwAZi3Hn%2FtcQ%3D%3D&trackingId=4LuWCK4oI6tsOEBxSm3S2w%3D%3D&trk=flagship3_search_srp_jobs
jod_id_263,comp_id_1100,Staff Product Analyst (Remote/ Hybrid Working),Gurgaon, Haryana,India,detail_163,https://www.linkedin.com/jobs/view/3259803785/?eBP=JOB_SEARCH_ORGANIC&recommendedFlavor=ACTIVELY_HIRING_COMPANY&refId=knK8ue70NgMwAZi3Hn%2FtcQ%3D%3D&trackingId=0U7PXeyOlV2LIw3V%2BQfTsw%3D%3D&trk=flagship3_search_srp_jobs
jod_id_264,comp_id_1101,Business Development Intern,Indore, Madhya Pradesh,India,detail_164,https://www.linkedin.com/jobs/view/3261023124/?eBP=JOB_SEARCH_ORGANIC&recommendedFlavor=ACTIVELY_HIRING_COMPANY&refId=knK8ue70NgMwAZi3Hn%2FtcQ%3D%3D&trackingId=raBSDpoyRCbz8sbhVtLmLw%3D%3D&trk=flagship3_search_srp_jobs
jod_id_265,comp_id_1082,Business Intelligence Developer,Hyderabad, Telangana,India,detail_165,https://www.linkedin.com/jobs/view/3261084562/?eBP=JOB_SEARCH_ORGANIC&recommendedFlavor=ACTIVELY_HIRING_COMPANY&refId=knK8ue70NgMwAZi3Hn%2FtcQ%3D%3D&trackingId=%2FIxBBouaVWZ1K2kTAtluog%3D%3D&trk=flagship3_search_srp_jobs
jod_id_266,comp_id_1063,Consultant Specialist/WSIT Data Analytics,Pune, Maharashtra,India,detail_166,https://www.linkedin.com/jobs/view/3262470566/?eBP=JOB_SEARCH_ORGANIC&recommendedFlavor=SCHOOL_RECRUIT&refId=knK8ue70NgMwAZi3Hn%2FtcQ%3D%3D&trackingId=p9Lr3N8fLaS0IKe0ehn1xg%3D%3D&trk=flagship3_search_srp_jobs
jod_id_267,comp_id_1102,Python Developer-Pune-C11,Pune, Maharashtra,India,detail_167,https://www.linkedin.com/jobs/view/3261048808/?eBP=JOB_SEARCH_ORGANIC&recommendedFlavor=SCHOOL_RECRUIT&refId=knK8ue70NgMwAZi3Hn%2FtcQ%3D%3D&trackingId=EpB6qsaV%2BFy2BQzvoB9mvg%3D%3D&trk=flagship3_search_srp_jobs
jod_id_268,comp_id_1103,Digital Marketing Intern,not_specify,not_specify,India,detail_168,https://www.linkedin.com/jobs/view/3261031845/?eBP=JOB_SEARCH_ORGANIC&refId=knK8ue70NgMwAZi3Hn%2FtcQ%3D%3D&trackingId=4%2F18SsXMM4iWCj1NXy35mg%3D%3D&trk=flagship3_search_srp_jobs
jod_id_269,comp_id_1104,Technical Business Analyst,Bengaluru, Karnataka,India,detail_169,https://www.linkedin.com/jobs/view/3256512173/?eBP=JOB_SEARCH_ORGANIC&refId=%2FNOpCqkRrWhHPMxnTW5c1g%3D%3D&trackingId=191VeXVmem91v15EE3pOiw%3D%3D&trk=flagship3_search_srp_jobs
jod_id_270,comp_id_1105,Business Systems Analyst,Bengaluru, Karnataka,India,detail_170,https://www.linkedin.com/jobs/view/3256395013/?eBP=JOB_SEARCH_ORGANIC&recommendedFlavor=ACTIVELY_HIRING_COMPANY&refId=%2FNOpCqkRrWhHPMxnTW5c1g%3D%3D&trackingId=CdvVNMnNO5nXcaCjSDh0mQ%3D%3D&trk=flagship3_search_srp_jobs
jod_id_271,comp_id_1005,Machine Learning Advanced Application Engineer,Chennai, Tamil Nadu,India,detail_171,https://www.linkedin.com/jobs/view/3260642972/?eBP=JOB_SEARCH_ORGANIC&recommendedFlavor=SCHOOL_RECRUIT&refId=%2FNOpCqkRrWhHPMxnTW5c1g%3D%3D&trackingId=ydLnMzauXVUKsqRgNtJPgw%3D%3D&trk=flagship3_search_srp_jobs
jod_id_272,comp_id_1039,Operation internship,not_specify,not_specify,India,detail_172,https://www.linkedin.com/jobs/view/3259923614/?eBP=JOB_SEARCH_ORGANIC&recommendedFlavor=SCHOOL_RECRUIT&refId=%2FNOpCqkRrWhHPMxnTW5c1g%3D%3D&trackingId=EScK2F7yEw6dEbesG5JQ2w%3D%3D&trk=flagship3_search_srp_jobs
jod_id_273,comp_id_1106,Air Ticketing Execute Internship in Mumbai at Delta Travel Solutions Private Limited,Mumbai, Maharashtra,India,detail_173,https://www.linkedin.com/jobs/view/3259827692/?eBP=JOB_SEARCH_ORGANIC&refId=%2FNOpCqkRrWhHPMxnTW5c1g%3D%3D&trackingId=UkXlMMJ4Ohj8nDG0uvfsyw%3D%3D&trk=flagship3_search_srp_jobs
jod_id_274,comp_id_1005,Data Modeling Techniques and Methodologies Data Platform Engineer,Kolkata, West Bengal,India,detail_174,https://www.linkedin.com/jobs/view/3260649102/?eBP=JOB_SEARCH_ORGANIC&recommendedFlavor=SCHOOL_RECRUIT&refId=%2FNOpCqkRrWhHPMxnTW5c1g%3D%3D&trackingId=synibzPnqUcsQfqGHSTrug%3D%3D&trk=flagship3_search_srp_jobs
jod_id_275,comp_id_1045,Recruiter,not_specify,not_specify,India,detail_175,https://www.linkedin.com/jobs/view/3261158161/?eBP=JOB_SEARCH_ORGANIC&recommendedFlavor=JOB_SEEKER_QUALIFIED&refId=%2FNOpCqkRrWhHPMxnTW5c1g%3D%3D&trackingId=aIlUaNA0GpEZBcQthNib%2Bg%3D%3D&trk=flagship3_search_srp_jobs
jod_id_276,comp_id_1107,"Primary(Big data on AWS, SQL Queries on AWS)",Bengaluru, Karnataka,India,detail_176,https://www.linkedin.com/jobs/view/3259833708/?eBP=JOB_SEARCH_ORGANIC&refId=AJNgKAnKs2LiMLBsDk7b4w%3D%3D&trackingId=%2BQm00pS2m6TNTvjqRBUC2A%3D%3D&trk=flagship3_search_srp_jobs
jod_id_277,comp_id_1108,Associate Data Scientist,Bengaluru, Karnataka,India,detail_177,https://www.linkedin.com/jobs/view/3261157906/?eBP=CwEAAAGDKH46HgmByIubn-vsNLOD7GjOWCl-mlFDMZdIOY83SB6HXK1x15lqL54tnTVMOaR58lK76frKMXP2iGQ5twfHQz-XdX9v5HBDrkeHkEYiJg4oIve_WPxo9Jmra85mQt5bHFl0OdBySw2y1-5e2owAU2M0LJBZ5bCfj63f_FEAw3GGHnj9_YI_ZOPqtWIvPZiPgnySGVpsCNX9OdHOjq5alpxWLcjBpCz8FUZof-NG3Uwhtw0aTMRWMd9XOycTMPYRxPvpAqt_NqEq1Q_i16R33BNHgNgIJ6XtwmfUThASLtIM66umgiN6_8zohdVJAgRYSmdnU7K4TMNEsfR_gMXyZA&recommendedFlavor=SCHOOL_RECRUIT&refId=AJNgKAnKs2LiMLBsDk7b4w%3D%3D&trackingId=O9%2FpwtHhcyiS0RWw9HXv1A%3D%3D&trk=flagship3_search_srp_jobs
jod_id_278,comp_id_1109,Management Intern,Kolkata, West Bengal,India,detail_178,https://www.linkedin.com/jobs/view/3261021922/?eBP=JOB_SEARCH_ORGANIC&refId=AJNgKAnKs2LiMLBsDk7b4w%3D%3D&trackingId=kRUUhHb%2FhAobYCc0VIZbOg%3D%3D&trk=flagship3_search_srp_jobs
jod_id_279,comp_id_1110,Referral Program-India,Greater Kolkata Area,not_specify,India,detail_179,https://www.linkedin.com/jobs/view/3260601123/?eBP=JOB_SEARCH_ORGANIC&recommendedFlavor=SCHOOL_RECRUIT&refId=AJNgKAnKs2LiMLBsDk7b4w%3D%3D&trackingId=HgFVjTsEGq%2Ft3yfvExbTpg%3D%3D&trk=flagship3_search_srp_jobs
jod_id_280,comp_id_1111,Digital Marketing Intern,Maharashtra, not_specify,India,detail_180,https://www.linkedin.com/jobs/view/3261028340/?eBP=JOB_SEARCH_ORGANIC&recommendedFlavor=ACTIVELY_HIRING_COMPANY&refId=AJNgKAnKs2LiMLBsDk7b4w%3D%3D&trackingId=mp3ZmhG4sR9ySmTkdgb%2BYA%3D%3D&trk=flagship3_search_srp_jobs
jod_id_281,comp_id_1005,CN - Strategy - MC - Business Strategy - Consultant (Sustainability) - 09,Bengaluru, Karnataka,India,detail_181,https://www.linkedin.com/jobs/view/3259878151/?eBP=JOB_SEARCH_ORGANIC&recommendedFlavor=SCHOOL_RECRUIT&refId=AJNgKAnKs2LiMLBsDk7b4w%3D%3D&trackingId=fD3njWEAd7sX5%2FddI%2BQHFg%3D%3D&trk=flagship3_search_srp_jobs
jod_id_282,comp_id_1039,Operations Intern,not_specify,not_specify,India,detail_182,https://www.linkedin.com/jobs/view/3259874366/?eBP=JOB_SEARCH_ORGANIC&recommendedFlavor=SCHOOL_RECRUIT&refId=AJNgKAnKs2LiMLBsDk7b4w%3D%3D&trackingId=7gU3GskK8cJoE3CyY%2FioSQ%3D%3D&trk=flagship3_search_srp_jobs
jod_id_283,comp_id_1005,Machine Learning Advanced Application Engineer,Hyderabad, Telangana,India,detail_183,https://www.linkedin.com/jobs/view/3260649101/?eBP=JOB_SEARCH_ORGANIC&recommendedFlavor=SCHOOL_RECRUIT&refId=13sOU6pNd0B5ytziAYMMAQ%3D%3D&trackingId=60NSQk0qhcHFvxN8NUspeg%3D%3D&trk=flagship3_search_srp_jobs
jod_id_284,comp_id_1005,Data Modeling Techniques and Methodologies Data Platform Engineer,Pune, Maharashtra,India,detail_184,https://www.linkedin.com/jobs/view/3260648647/?eBP=JOB_SEARCH_ORGANIC&recommendedFlavor=SCHOOL_RECRUIT&refId=13sOU6pNd0B5ytziAYMMAQ%3D%3D&trackingId=eADyM2aj9v26CzWyKeD6%2BQ%3D%3D&trk=flagship3_search_srp_jobs
jod_id_285,comp_id_1112,Online Urgent Hiring,not_specify,not_specify,India,detail_185,https://www.linkedin.com/jobs/view/3261124689/?eBP=JOB_SEARCH_ORGANIC&recommendedFlavor=JOB_SEEKER_QUALIFIED&refId=13sOU6pNd0B5ytziAYMMAQ%3D%3D&trackingId=NPssYxTPFbeXh9R04710Lg%3D%3D&trk=flagship3_search_srp_jobs
jod_id_286,comp_id_1113,Reporting Specialist,Bengaluru, Karnataka,India,detail_186,https://www.linkedin.com/jobs/view/3259805560/?eBP=JOB_SEARCH_ORGANIC&recommendedFlavor=SCHOOL_RECRUIT&refId=13sOU6pNd0B5ytziAYMMAQ%3D%3D&trackingId=8qNYqlB0G6hyxR6o8KO16A%3D%3D&trk=flagship3_search_srp_jobs
jod_id_287,comp_id_1114,Business Development Manager,Mumbai, Maharashtra,India,detail_187,https://www.linkedin.com/jobs/view/3261105734/?eBP=JOB_SEARCH_ORGANIC&recommendedFlavor=ACTIVELY_HIRING_COMPANY&refId=13sOU6pNd0B5ytziAYMMAQ%3D%3D&trackingId=S6Sf9EBFjVIibt4FTNiEoQ%3D%3D&trk=flagship3_search_srp_jobs
jod_id_288,comp_id_1115,Social Media Marketing Intern,not_specify,not_specify,India,detail_188,https://www.linkedin.com/jobs/view/3261008767/?eBP=JOB_SEARCH_ORGANIC&recommendedFlavor=JOB_SEEKER_QUALIFIED&refId=13sOU6pNd0B5ytziAYMMAQ%3D%3D&trackingId=Ysmuz7Wb6zApUxuu7cIZCQ%3D%3D&trk=flagship3_search_srp_jobs
jod_id_289,comp_id_1116,News Analyst/Researcher - Republic TV,Mumbai, Maharashtra,India,detail_189,https://www.linkedin.com/jobs/view/3259917993/?eBP=JOB_SEARCH_ORGANIC&recommendedFlavor=ACTIVELY_HIRING_COMPANY&refId=13sOU6pNd0B5ytziAYMMAQ%3D%3D&trackingId=PEfPTKzG0UU%2FjBtWEKwj%2Fw%3D%3D&trk=flagship3_search_srp_jobs
jod_id_290,comp_id_1117,Customer Service & Operations Analyst,Gurgaon, Haryana,India,detail_190,https://www.linkedin.com/jobs/view/3257373659/?eBP=JOB_SEARCH_ORGANIC&recommendedFlavor=SCHOOL_RECRUIT&refId=xtmylnF3uzVB6jHlaW09Iw%3D%3D&trackingId=IFqg6o%2FSc7ba7Gjz%2BopzIQ%3D%3D&trk=flagship3_search_srp_jobs
jod_id_291,comp_id_1005,Machine Learning Advanced Application Engineer,Bengaluru, Karnataka,India,detail_191,https://www.linkedin.com/jobs/view/3260649145/?eBP=JOB_SEARCH_ORGANIC&recommendedFlavor=SCHOOL_RECRUIT&refId=xtmylnF3uzVB6jHlaW09Iw%3D%3D&trackingId=aMEohAwae%2FnuTgKCHX4LfA%3D%3D&trk=flagship3_search_srp_jobs
jod_id_292,comp_id_1005,Google Dataproc Data Platform Engineer,Hyderabad, Telangana,India,detail_192,https://www.linkedin.com/jobs/view/3260646739/?eBP=JOB_SEARCH_ORGANIC&recommendedFlavor=SCHOOL_RECRUIT&refId=xtmylnF3uzVB6jHlaW09Iw%3D%3D&trackingId=7oylsoOBvxzkODq4KGv1bQ%3D%3D&trk=flagship3_search_srp_jobs
jod_id_293,comp_id_1118,Management Information System Executive,Bengaluru, Karnataka,India,detail_193,https://www.linkedin.com/jobs/view/3256501974/?eBP=JOB_SEARCH_ORGANIC&refId=xtmylnF3uzVB6jHlaW09Iw%3D%3D&trackingId=gsm3V%2F5HNLEIEeo944buqA%3D%3D&trk=flagship3_search_srp_jobs
jod_id_294,comp_id_1119,Digital Marketing Intern,Mumbai, Maharashtra,India,detail_194,https://www.linkedin.com/jobs/view/3261096429/?eBP=JOB_SEARCH_ORGANIC&recommendedFlavor=ACTIVELY_HIRING_COMPANY&refId=xtmylnF3uzVB6jHlaW09Iw%3D%3D&trackingId=lb6FLXA3Pf306YXhIKb%2FWg%3D%3D&trk=flagship3_search_srp_jobs
jod_id_295,comp_id_1120,Quality Analyst,Pune, Maharashtra,India,detail_195,https://www.linkedin.com/jobs/view/3263260128/?eBP=JOB_SEARCH_ORGANIC&recommendedFlavor=ACTIVELY_HIRING_COMPANY&refId=xtmylnF3uzVB6jHlaW09Iw%3D%3D&trackingId=Z%2BLe0g%2FNal7lc7pygFUAGg%3D%3D&trk=flagship3_search_srp_jobs
jod_id_296,comp_id_1121,Quantsapp - Analyst - Search Engine Optimization,Mumbai, Maharashtra,India,detail_196,https://www.linkedin.com/jobs/view/3260669653/?eBP=JOB_SEARCH_ORGANIC&recommendedFlavor=JOB_SEEKER_QUALIFIED&refId=xtmylnF3uzVB6jHlaW09Iw%3D%3D&trackingId=0qE8I8Nvxb6ENEMurzpq3Q%3D%3D&trk=flagship3_search_srp_jobs
jod_id_297,comp_id_1122,Business Development Specialist,Ranchi, Jharkhand,India,detail_197,https://www.linkedin.com/jobs/view/3260601337/?eBP=JOB_SEARCH_ORGANIC&recommendedFlavor=JOB_SEEKER_QUALIFIED&refId=EM9YShsv7VJS0aodVByvsw%3D%3D&trackingId=mQIqa%2BaYyYaJeogTMR04RQ%3D%3D&trk=flagship3_search_srp_jobs
jod_id_298,comp_id_1123,Business Development Executive,not_specify,not_specify,India,detail_198,https://www.linkedin.com/jobs/view/3256560405/?eBP=JOB_SEARCH_ORGANIC&recommendedFlavor=SCHOOL_RECRUIT&refId=EM9YShsv7VJS0aodVByvsw%3D%3D&trackingId=DMt%2B3PZwELpyBXWlT%2B8qSQ%3D%3D&trk=flagship3_search_srp_jobs
jod_id_299,comp_id_1124,Business Analyst,Bangalore Urban, Karnataka,India,detail_199,https://www.linkedin.com/jobs/view/3260911090/?eBP=JOB_SEARCH_ORGANIC&recommendedFlavor=ACTIVELY_HIRING_COMPANY&refId=EM9YShsv7VJS0aodVByvsw%3D%3D&trackingId=oaQxu9ZboCYblO%2BB09vOfA%3D%3D&trk=flagship3_search_srp_jobs
jod_id_300,comp_id_1125,Students And Freshers,not_specify,not_specify,India,detail_200,https://www.linkedin.com/jobs/view/3261018587/?eBP=JOB_SEARCH_ORGANIC&recommendedFlavor=JOB_SEEKER_QUALIFIED&refId=EM9YShsv7VJS0aodVByvsw%3D%3D&trackingId=9F9oRLxzokALPa3UkkhEJQ%3D%3D&trk=flagship3_search_srp_jobs
jod_id_301,comp_id_1126,Sales And Marketing Intern,not_specify,not_specify,India,detail_201,https://www.linkedin.com/jobs/view/3261126346/?eBP=JOB_SEARCH_ORGANIC&recommendedFlavor=ACTIVELY_HIRING_COMPANY&refId=EM9YShsv7VJS0aodVByvsw%3D%3D&trackingId=kVACEwo86Q2lfHRHr7yDQA%3D%3D&trk=flagship3_search_srp_jobs
jod_id_302,comp_id_1127,Part Time Work,Greater Delhi Area,not_specify,India,detail_202,https://www.linkedin.com/jobs/view/3261150274/?eBP=JOB_SEARCH_ORGANIC&recommendedFlavor=JOB_SEEKER_QUALIFIED&refId=EM9YShsv7VJS0aodVByvsw%3D%3D&trackingId=x8%2FQ%2FQHsfTwlyVHqvqGfgA%3D%3D&trk=flagship3_search_srp_jobs
jod_id_303,comp_id_1005,Machine Learning Advanced Application Engineer,Kolkata, West Bengal,India,detail_203,https://www.linkedin.com/jobs/view/3260647682/?eBP=JOB_SEARCH_ORGANIC&recommendedFlavor=SCHOOL_RECRUIT&refId=EM9YShsv7VJS0aodVByvsw%3D%3D&trackingId=uk%2BQ6FND0mCGRXWPBe%2FyCg%3D%3D&trk=flagship3_search_srp_jobs
jod_id_304,comp_id_1117,Customer Service & Operations Analyst,Gurgaon, Haryana,India,detail_204,https://www.linkedin.com/jobs/view/3261157199/?eBP=JOB_SEARCH_ORGANIC&recommendedFlavor=SCHOOL_RECRUIT&refId=cJJP0u3jlo2kB541NTGTyw%3D%3D&trackingId=8nprhQlpjMH9aaWRB2WHog%3D%3D&trk=flagship3_search_srp_jobs
jod_id_305,comp_id_1128,Digital Marketing Intern,not_specify,not_specify,India,detail_205,https://www.linkedin.com/jobs/view/3260689572/?eBP=JOB_SEARCH_ORGANIC&recommendedFlavor=ACTIVELY_HIRING_COMPANY&refId=cJJP0u3jlo2kB541NTGTyw%3D%3D&trackingId=YDKKhBWifwpeHosoFWKwag%3D%3D&trk=flagship3_search_srp_jobs
jod_id_306,comp_id_1129,Web Development Intern,Noida, Uttar Pradesh,India,detail_206,https://www.linkedin.com/jobs/view/3261090346/?eBP=JOB_SEARCH_ORGANIC&recommendedFlavor=JOB_SEEKER_QUALIFIED&refId=cJJP0u3jlo2kB541NTGTyw%3D%3D&trackingId=qFfrVByncDxm7zruGXRPcQ%3D%3D&trk=flagship3_search_srp_jobs
jod_id_307,comp_id_1130,Sales Intern,not_specify,not_specify,India,detail_207,https://www.linkedin.com/jobs/view/3256530905/?eBP=JOB_SEARCH_ORGANIC&recommendedFlavor=JOB_SEEKER_QUALIFIED&refId=cJJP0u3jlo2kB541NTGTyw%3D%3D&trackingId=Q8lnUSqkIBU4aZDCyAp%2BWw%3D%3D&trk=flagship3_search_srp_jobs
jod_id_308,comp_id_1131,Programmer/Analyst,Bangalore Rural, Karnataka,India,detail_208,https://www.linkedin.com/jobs/view/3263262767/?eBP=JOB_SEARCH_ORGANIC&recommendedFlavor=SCHOOL_RECRUIT&refId=cJJP0u3jlo2kB541NTGTyw%3D%3D&trackingId=Ri1VIHhxBSs62FYYmTYukg%3D%3D&trk=flagship3_search_srp_jobs
jod_id_309,comp_id_1060,Business Development Associate,Gujarat, not_specify,India,detail_209,https://www.linkedin.com/jobs/view/3259823888/?eBP=JOB_SEARCH_ORGANIC&recommendedFlavor=JOB_SEEKER_QUALIFIED&refId=cJJP0u3jlo2kB541NTGTyw%3D%3D&trackingId=JgoZnsxB64ykguOQceZNNA%3D%3D&trk=flagship3_search_srp_jobs
jod_id_310,comp_id_1132,Mis Executive,Navi Mumbai, Maharashtra,India,detail_210,https://www.linkedin.com/jobs/view/3259968743/?eBP=JOB_SEARCH_ORGANIC&refId=cJJP0u3jlo2kB541NTGTyw%3D%3D&trackingId=7evNyh0HR0fK2vRpaYgBJw%3D%3D&trk=flagship3_search_srp_jobs
jod_id_311,comp_id_1133,Data Science,Coimbatore, Tamil Nadu,India,detail_211,https://www.linkedin.com/jobs/view/3253558523/?eBP=CwEAAAGDKITFI-3bctGNdL2LBoyfnpUEZFkSQ7figHwcfDnd3frtzNnx8o8ocSizPey9JYSM6PYNNFU2XJTK7KNAMKTlsZS6HN5lq7y19-mv0i1ef3RKDrVriu5T6ktcRGF4IQYUg0ShF2Kya4m6t1q0z6g0M9C9eUOD0VYGHJhTI5k2xGQTri2rNN3tJDQ8lZyLDJrwoh3ahwSDThUfn09wmZ8mq5FOrv5tGUFmgQx5AtJkMsajnuxssA_Do6Z1RbeKeGdNDmxcGQFCzqQ0D53K2pN67uK_ivNbMzuYhncV07D_tEDpFtIr__P8Use2ojuPjlYKGIRmNKnaAYjNskDsTD8fElDf62H232Tz7xRkkUKUW3cPNJIE8bpGhWCPU_ivQ3kF&recommendedFlavor=SCHOOL_RECRUIT&refId=vZJ%2ByASQh%2BbvVOS6LaCD2A%3D%3D&trackingId=HM5dpKA9ouTrDJxmMMYvWw%3D%3D&trk=flagship3_search_srp_jobs
jod_id_312,comp_id_1005,CN - Strategy - MC - Business Strategy - Consultant (Sustainability) - 09,Hyderabad, Telangana,India,detail_212,https://www.linkedin.com/jobs/view/3259875706/?eBP=JOB_SEARCH_ORGANIC&recommendedFlavor=SCHOOL_RECRUIT&refId=vZJ%2ByASQh%2BbvVOS6LaCD2A%3D%3D&trackingId=WUJ%2BjXfx6MSdiavv9pJ04w%3D%3D&trk=flagship3_search_srp_jobs
jod_id_313,comp_id_1134,Analyst - IT Compliance,Mumbai, Maharashtra,India,detail_213,https://www.linkedin.com/jobs/view/3261112659/?eBP=JOB_SEARCH_ORGANIC&refId=vZJ%2ByASQh%2BbvVOS6LaCD2A%3D%3D&trackingId=jddhUYPyAmXu6g0WqhbwvQ%3D%3D&trk=flagship3_search_srp_jobs
jod_id_314,comp_id_1135,Dotnet Developer,Bengaluru, Karnataka,India,detail_214,https://www.linkedin.com/jobs/view/3260988667/?eBP=JOB_SEARCH_ORGANIC&recommendedFlavor=ACTIVELY_HIRING_COMPANY&refId=vZJ%2ByASQh%2BbvVOS6LaCD2A%3D%3D&trackingId=oSd2dixzHf%2Bx6oQQKTEwaQ%3D%3D&trk=flagship3_search_srp_jobs
jod_id_315,comp_id_1017,Officer - Data Management - F2B - ALPHA,Bengaluru, Karnataka,India,detail_215,https://www.linkedin.com/jobs/view/3261022890/?eBP=JOB_SEARCH_ORGANIC&recommendedFlavor=ACTIVELY_HIRING_COMPANY&refId=vZJ%2ByASQh%2BbvVOS6LaCD2A%3D%3D&trackingId=gD%2FvOXTuL1JI2rdeOPPgpg%3D%3D&trk=flagship3_search_srp_jobs
jod_id_316,comp_id_1136,Fresher,Kakori, Uttar Pradesh,India,detail_216,https://www.linkedin.com/jobs/view/3261140728/?eBP=JOB_SEARCH_ORGANIC&recommendedFlavor=ACTIVELY_HIRING_COMPANY&refId=vZJ%2ByASQh%2BbvVOS6LaCD2A%3D%3D&trackingId=VfA1Sy2cY4keWM8kIO2RBQ%3D%3D&trk=flagship3_search_srp_jobs
jod_id_317,comp_id_1137,Marketing Intern,Delhi, not_specify,India,detail_217,https://www.linkedin.com/jobs/view/3260637987/?eBP=JOB_SEARCH_ORGANIC&recommendedFlavor=JOB_SEEKER_QUALIFIED&refId=vZJ%2ByASQh%2BbvVOS6LaCD2A%3D%3D&trackingId=mo%2FPuSZEjUBrniHCwhpQsQ%3D%3D&trk=flagship3_search_srp_jobs
jod_id_318,comp_id_1138,APAC Commercial Graduate Associate,Gurgaon, Haryana,India,detail_218,https://www.linkedin.com/jobs/view/3255642295/?eBP=CwEAAAGDKIYV6s0FT_0YMxNqDpFOac-cUE-0_t1jXVqGNh71v8m7nHDvxUMAdz7B70o3g752M9fXgp3ZeRdo-lNpnrJ08_aqDOxjB051gc3O8k-uSb1etT9KjIQN4dW9ez2Wd7dwCzNX0m0siFJxWnHZZ2dcMA-oQZv23Nw2tTluLcIrTgIwNqjGQlfhJi0B2N36CJmDmzPK4jjjNhW9pCCQmQuac-yAc0-MIq7zzGSxq1QfE9v-k1w27Lt-GpWfH-YwsT06lkjiftRyDAFI7JyN2T2Wok_-3TebR1N6vC1KB_5q6_nBHUwcOKsiAlZiPExiZYgG7L79qMbm4pfd0-qB3vJzVpvAY3G2a6CfcfYtBgkt40zS9VXGm_PG6UKxWxWrMA&recommendedFlavor=JOB_SEEKER_QUALIFIED&refId=7rcYgXeqGTBTIYpP%2Fpb26Q%3D%3D&trackingId=nVj9PYmI8PKmGhiB9kSxmA%3D%3D&trk=flagship3_search_srp_jobs
jod_id_319,comp_id_1005,Analyst-eCommerce,Mumbai, Maharashtra,India,detail_219,https://www.linkedin.com/jobs/view/3260652018/?eBP=JOB_SEARCH_ORGANIC&recommendedFlavor=SCHOOL_RECRUIT&refId=7rcYgXeqGTBTIYpP%2Fpb26Q%3D%3D&trackingId=vg9Euv3j6ifNwhHQvAjy1g%3D%3D&trk=flagship3_search_srp_jobs
jod_id_320,comp_id_1058,Assistant,Bhopal, Madhya Pradesh,India,detail_220,https://www.linkedin.com/jobs/view/3260695029/?eBP=JOB_SEARCH_ORGANIC&recommendedFlavor=ACTIVELY_HIRING_COMPANY&refId=7rcYgXeqGTBTIYpP%2Fpb26Q%3D%3D&trackingId=%2FL7NNfa9dXyNb1hM5yq4tQ%3D%3D&trk=flagship3_search_srp_jobs
jod_id_321,comp_id_1020,Data Scientist,Bengaluru, Karnataka,India,detail_221,https://www.linkedin.com/jobs/view/3263816508/?eBP=JOB_SEARCH_ORGANIC&recommendedFlavor=SCHOOL_RECRUIT&refId=7rcYgXeqGTBTIYpP%2Fpb26Q%3D%3D&trackingId=txKVGgh0Ng%2FCb0xyjbcVUA%3D%3D&trk=flagship3_search_srp_jobs
jod_id_322,comp_id_1139,Recruiter,Pune, Maharashtra,India,detail_222,https://www.linkedin.com/jobs/view/3261138713/?eBP=JOB_SEARCH_ORGANIC&recommendedFlavor=ACTIVELY_HIRING_COMPANY&refId=7rcYgXeqGTBTIYpP%2Fpb26Q%3D%3D&trackingId=34gBl%2Fz3PPfRxX6wdd5ciA%3D%3D&trk=flagship3_search_srp_jobs
jod_id_323,comp_id_1140,Caller,Lucknow, Uttar Pradesh,India,detail_223,https://www.linkedin.com/jobs/view/3261016450/?eBP=JOB_SEARCH_ORGANIC&recommendedFlavor=JOB_SEEKER_QUALIFIED&refId=7rcYgXeqGTBTIYpP%2Fpb26Q%3D%3D&trackingId=eiZ4InNP9%2FKzRQq7al8HZg%3D%3D&trk=flagship3_search_srp_jobs
jod_id_324,comp_id_1141,Fresher - Executive - Alliances Manager,Mumbai, Maharashtra,India,detail_224,https://www.linkedin.com/jobs/view/3261024119/?eBP=JOB_SEARCH_ORGANIC&recommendedFlavor=SCHOOL_RECRUIT&refId=7rcYgXeqGTBTIYpP%2Fpb26Q%3D%3D&trackingId=H4cLw0N5ryvfNY772ynssg%3D%3D&trk=flagship3_search_srp_jobs
jod_id_325,comp_id_1142,Students And Freshers,not_specify,not_specify,India,detail_225,https://www.linkedin.com/jobs/view/3261024829/?eBP=JOB_SEARCH_ORGANIC&recommendedFlavor=JOB_SEEKER_QUALIFIED&refId=kd%2FUsat21ppWTQL9RTownA%3D%3D&trackingId=gUbhEqtlb3MK%2BHsg6znOCQ%3D%3D&trk=flagship3_search_srp_jobs
jod_id_326,comp_id_1063,Associate Business Analyst/GDT Shared Services,Hyderabad, Telangana,India,detail_226,https://www.linkedin.com/jobs/view/3262740361/?eBP=JOB_SEARCH_ORGANIC&recommendedFlavor=SCHOOL_RECRUIT&refId=kd%2FUsat21ppWTQL9RTownA%3D%3D&trackingId=dXb6S8UTSx6pFPSzegfPrQ%3D%3D&trk=flagship3_search_srp_jobs
jod_id_327,comp_id_1143,Part Time WFH Online Freelancing,not_specify,not_specify,India,detail_227,https://www.linkedin.com/jobs/view/3261169125/?eBP=JOB_SEARCH_ORGANIC&recommendedFlavor=JOB_SEEKER_QUALIFIED&refId=kd%2FUsat21ppWTQL9RTownA%3D%3D&trackingId=akyrrkqsPlMvO2oJOdxuOw%3D%3D&trk=flagship3_search_srp_jobs
jod_id_328,comp_id_1144,Managerial Skills Training Program,Delhi, Delhi,India,detail_228,https://www.linkedin.com/jobs/view/3262315739/?eBP=JOB_SEARCH_ORGANIC&refId=kd%2FUsat21ppWTQL9RTownA%3D%3D&trackingId=LV0MgtXnlJBv1hlizVPZyg%3D%3D&trk=flagship3_search_srp_jobs
jod_id_329,comp_id_1145,Junior Functioneel Analist Data,Akuhaito, Nagaland,India,detail_229,https://www.linkedin.com/jobs/view/3253860034/?eBP=CwEAAAGDKIdsFKmaH3wcoefgkXPocWdsorboo39FerNn5X7cGResfB_sCHu7xtyhqGSgpLTddgJMtQgA3caCi9DnGndL26jRqQC29zvqHqQAamsGK7Ien2O8-1w3BFaRoD0pDdFJUxNXz3Cw3WmNGPQAf4x1nLzQZNMlUcp1yF9Y8_3htbiWFQ3b65xTd-yXgSNCyAffa2nt6dcXtolEC1aJNRmCffM4E7fki9G6RUJ4lvq0uaMrPKAdkxpU0NTZvFDsYPvb3jU5RGVH51jbXc8saz6_kwDSNkZXn7dwhvZRLeXoLz5jqROzgeWB4gtpuACS29kzx_SsczNcnLZNclh14Tv90kld&recommendedFlavor=ACTIVELY_HIRING_COMPANY&refId=kd%2FUsat21ppWTQL9RTownA%3D%3D&trackingId=gSAtkMvdB6%2FKjW4caAql6Q%3D%3D&trk=flagship3_search_srp_jobs
jod_id_330,comp_id_1146,DG - Management Trainee - customer services-HIG010807,Hyderabad, Telangana,India,detail_230,https://www.linkedin.com/jobs/view/3259886815/?eBP=JOB_SEARCH_ORGANIC&recommendedFlavor=SCHOOL_RECRUIT&refId=kd%2FUsat21ppWTQL9RTownA%3D%3D&trackingId=eq%2FaUaSkLfmtcmywWs4Njw%3D%3D&trk=flagship3_search_srp_jobs
jod_id_331,comp_id_1028,Senior Business Executive - Data Science,Bengaluru, Karnataka,India,detail_231,https://www.linkedin.com/jobs/view/3260759699/?eBP=JOB_SEARCH_ORGANIC&recommendedFlavor=SCHOOL_RECRUIT&refId=kd%2FUsat21ppWTQL9RTownA%3D%3D&trackingId=js%2F3617wNmn57uNov5EyNg%3D%3D&trk=flagship3_search_srp_jobs
jod_id_332,comp_id_1147,Staff Data Scientist,Bengaluru, Karnataka,India,detail_232,https://www.linkedin.com/jobs/view/3257247770/?eBP=JOB_SEARCH_ORGANIC&recommendedFlavor=SCHOOL_RECRUIT&refId=4K7jhYtlMZr1WvJDy3vxmw%3D%3D&trackingId=7vsTMUJEf8f%2FggT1PGvaDA%3D%3D&trk=flagship3_search_srp_jobs
jod_id_333,comp_id_1055,Galytix Analytics - Data Architect,Gurugram, Haryana,India,detail_233,https://www.linkedin.com/jobs/view/3257384406/?eBP=JOB_SEARCH_ORGANIC&recommendedFlavor=ACTIVELY_HIRING_COMPANY&refId=4K7jhYtlMZr1WvJDy3vxmw%3D%3D&trackingId=cpVrpOCuSyErPkjDMvcBzA%3D%3D&trk=flagship3_search_srp_jobs
jod_id_334,comp_id_1005,Associate Manager-Insights & Intelligence,Mumbai, Maharashtra,India,detail_234,https://www.linkedin.com/jobs/view/3260647808/?eBP=JOB_SEARCH_ORGANIC&recommendedFlavor=ACTIVELY_HIRING_COMPANY&refId=4K7jhYtlMZr1WvJDy3vxmw%3D%3D&trackingId=WBm6Udo%2Ficagr3E4%2FY0jrg%3D%3D&trk=flagship3_search_srp_jobs
jod_id_335,comp_id_1148,Software Engr I,Bengaluru, Karnataka,India,detail_235,https://www.linkedin.com/jobs/view/3259836562/?eBP=JOB_SEARCH_ORGANIC&recommendedFlavor=SCHOOL_RECRUIT&refId=4K7jhYtlMZr1WvJDy3vxmw%3D%3D&trackingId=btDN47F6YnwJgP7AmThwoQ%3D%3D&trk=flagship3_search_srp_jobs
jod_id_336,comp_id_1149,Product Manager,Faridabad, Haryana,India,detail_236,https://www.linkedin.com/jobs/view/3261112061/?eBP=JOB_SEARCH_ORGANIC&recommendedFlavor=ACTIVELY_HIRING_COMPANY&refId=4K7jhYtlMZr1WvJDy3vxmw%3D%3D&trackingId=led7WMbejkYcrGFNbc3eGw%3D%3D&trk=flagship3_search_srp_jobs
jod_id_337,comp_id_1150,Campus Ambassador,Hyderabad, Telangana,India,detail_237,https://www.linkedin.com/jobs/view/3261006899/?eBP=JOB_SEARCH_ORGANIC&recommendedFlavor=JOB_SEEKER_QUALIFIED&refId=4K7jhYtlMZr1WvJDy3vxmw%3D%3D&trackingId=K2IqgYpvsg0DD7%2Bl9T2t%2Fw%3D%3D&trk=flagship3_search_srp_jobs
jod_id_338,comp_id_1151,Subject Matter Expert,Dehradun, Uttarakhand,India,detail_238,https://www.linkedin.com/jobs/view/3261003135/?eBP=JOB_SEARCH_ORGANIC&recommendedFlavor=ACTIVELY_HIRING_COMPANY&refId=4K7jhYtlMZr1WvJDy3vxmw%3D%3D&trackingId=GPBA4RF1SXl0tPNq%2FuBM4A%3D%3D&trk=flagship3_search_srp_jobs
jod_id_339,comp_id_1152,P & I Analyst,Hyderabad, Telangana,India,detail_239,https://www.linkedin.com/jobs/view/3260904720/?eBP=JOB_SEARCH_ORGANIC&recommendedFlavor=JOB_SEEKER_QUALIFIED&refId=lcBuQARq9dPFOeDYA4uFYQ%3D%3D&trackingId=1RFEqXSFdb%2BDdLmWwqdHVw%3D%3D&trk=flagship3_search_srp_jobs
jod_id_340,comp_id_1153,Manual Tester- (For Night Shift & Day Shift),Bengaluru, Karnataka,India,detail_240,https://www.linkedin.com/jobs/view/3258145532/?eBP=JOB_SEARCH_ORGANIC&recommendedFlavor=SCHOOL_RECRUIT&refId=lcBuQARq9dPFOeDYA4uFYQ%3D%3D&trackingId=%2FSDFup%2By%2F2XPTxsJZnkNbQ%3D%3D&trk=flagship3_search_srp_jobs
jod_id_341,comp_id_1154,Business Process Consultant,Bengaluru, Karnataka,India,detail_241,https://www.linkedin.com/jobs/view/3261083910/?eBP=JOB_SEARCH_ORGANIC&refId=lcBuQARq9dPFOeDYA4uFYQ%3D%3D&trackingId=xf3aMKFAIqiRt4WlenbKmg%3D%3D&trk=flagship3_search_srp_jobs
jod_id_342,comp_id_1045,Work. From home,Indore, Madhya Pradesh,India,detail_242,https://www.linkedin.com/jobs/view/3259954603/?eBP=JOB_SEARCH_ORGANIC&recommendedFlavor=ACTIVELY_HIRING_COMPANY&refId=lcBuQARq9dPFOeDYA4uFYQ%3D%3D&trackingId=qQ42Q9gWEGCrR%2Bwm79WoQw%3D%3D&trk=flagship3_search_srp_jobs
jod_id_343,comp_id_1155,Business Operations Analyst,Mulshi, Maharashtra,India,detail_243,https://www.linkedin.com/jobs/view/3261861620/?eBP=JOB_SEARCH_ORGANIC&recommendedFlavor=ACTIVELY_HIRING_COMPANY&refId=lcBuQARq9dPFOeDYA4uFYQ%3D%3D&trackingId=JkoTHQgdcRs1uMSXX0qp6g%3D%3D&trk=flagship3_search_srp_jobs
jod_id_344,comp_id_1156,Business Development Executive,Mumbai, Maharashtra,India,detail_244,https://www.linkedin.com/jobs/view/3260793843/?eBP=JOB_SEARCH_ORGANIC&recommendedFlavor=ACTIVELY_HIRING_COMPANY&refId=lcBuQARq9dPFOeDYA4uFYQ%3D%3D&trackingId=yRYng6NB3trX8GChsXKbGQ%3D%3D&trk=flagship3_search_srp_jobs
jod_id_345,comp_id_1157,Intern,Bengaluru, Karnataka,India,detail_245,https://www.linkedin.com/jobs/view/3260181762/?eBP=JOB_SEARCH_ORGANIC&recommendedFlavor=SCHOOL_RECRUIT&refId=lcBuQARq9dPFOeDYA4uFYQ%3D%3D&trackingId=ElMiUCV6CgYCujC3yNH8jA%3D%3D&trk=flagship3_search_srp_jobs
jod_id_346,comp_id_1158,*Training+Internship (IIT Bhubaneswar) (Training Fee-5000₹)*,not_specify,not_specify,India,detail_246,https://www.linkedin.com/jobs/view/3256575298/?eBP=JOB_SEARCH_ORGANIC&recommendedFlavor=ACTIVELY_HIRING_COMPANY&refId=EY149ZhNtlz8azijEijZPQ%3D%3D&trackingId=AahsWn%2F36iU8nEMH1erCGw%3D%3D&trk=flagship3_search_srp_jobs
jod_id_347,comp_id_1005,CN - Strategy - MC - Business Strategy - Consultant (Sustainability) - 09,Mumbai, Maharashtra,India,detail_247,https://www.linkedin.com/jobs/view/3259871962/?eBP=JOB_SEARCH_ORGANIC&recommendedFlavor=SCHOOL_RECRUIT&refId=EY149ZhNtlz8azijEijZPQ%3D%3D&trackingId=xYtT0bhkQQYqBco8%2BYeQ6A%3D%3D&trk=flagship3_search_srp_jobs
jod_id_348,comp_id_1159,Python Testing Engineer,Mumbai, Maharashtra,India,detail_248,https://www.linkedin.com/jobs/view/3261112553/?eBP=JOB_SEARCH_ORGANIC&recommendedFlavor=JOB_SEEKER_QUALIFIED&refId=EY149ZhNtlz8azijEijZPQ%3D%3D&trackingId=EXSNUmjVsPwuPxQ3mv066Q%3D%3D&trk=flagship3_search_srp_jobs
jod_id_349,comp_id_1005,Talend ETL Data Platform Engineer,Hyderabad, Telangana,India,detail_249,https://www.linkedin.com/jobs/view/3260650014/?eBP=JOB_SEARCH_ORGANIC&recommendedFlavor=SCHOOL_RECRUIT&refId=EY149ZhNtlz8azijEijZPQ%3D%3D&trackingId=8Mo2A7%2Bd2lndHKQ0tmEg1Q%3D%3D&trk=flagship3_search_srp_jobs
jod_id_350,comp_id_1005,Talend ETL Data Platform Engineer,Hyderabad, Telangana,India,detail_250,https://www.linkedin.com/jobs/view/3260650015/?eBP=JOB_SEARCH_ORGANIC&recommendedFlavor=SCHOOL_RECRUIT&refId=EY149ZhNtlz8azijEijZPQ%3D%3D&trackingId=6yotbTKAhNSriC0o1QWufQ%3D%3D&trk=flagship3_search_srp_jobs
jod_id_351,comp_id_1160,Big Data Developer,Bengaluru, Karnataka,India,detail_251,https://www.linkedin.com/jobs/view/3261019944/?eBP=JOB_SEARCH_ORGANIC&recommendedFlavor=ACTIVELY_HIRING_COMPANY&refId=EY149ZhNtlz8azijEijZPQ%3D%3D&trackingId=YaJFvKYh2fJOg1HK%2BWnWZg%3D%3D&trk=flagship3_search_srp_jobs
jod_id_352,comp_id_1161,Graduate Student,Ahmedabad, Gujarat,India,detail_252,https://www.linkedin.com/jobs/view/3261038446/?eBP=JOB_SEARCH_ORGANIC&recommendedFlavor=JOB_SEEKER_QUALIFIED&refId=EY149ZhNtlz8azijEijZPQ%3D%3D&trackingId=j4HxfLYKO9UIz2QYiF9M5w%3D%3D&trk=flagship3_search_srp_jobs
jod_id_353,comp_id_1162,Business Development Associate/ Executive (Internship),Bengaluru, Karnataka,India,detail_253,https://www.linkedin.com/jobs/view/3261069155/?eBP=JOB_SEARCH_ORGANIC&recommendedFlavor=JOB_SEEKER_QUALIFIED&refId=1Zy%2FkHyVMsQXR%2FvrLETEiA%3D%3D&trackingId=v8izRweCv9rf17gmr%2BnpUQ%3D%3D&trk=flagship3_search_srp_jobs
jod_id_354,comp_id_1091,Part Time Income Opportunity -Online,Chennai, Tamil Nadu,India,detail_254,https://www.linkedin.com/jobs/view/3256532340/?eBP=JOB_SEARCH_ORGANIC&recommendedFlavor=JOB_SEEKER_QUALIFIED&refId=1Zy%2FkHyVMsQXR%2FvrLETEiA%3D%3D&trackingId=3FRkEg%2FANG6vs4fhrTOrkg%3D%3D&trk=flagship3_search_srp_jobs
jod_id_355,comp_id_1163,Emerging India Analytics - Product & Operations Manager - Data Science,Noida, Uttar Pradesh,India,detail_255,https://www.linkedin.com/jobs/view/3256554837/?eBP=JOB_SEARCH_ORGANIC&refId=1Zy%2FkHyVMsQXR%2FvrLETEiA%3D%3D&trackingId=YvoM7inxAg%2FXI5ZkXwNjvQ%3D%3D&trk=flagship3_search_srp_jobs
jod_id_356,comp_id_1164,Student,Maharashtra, not_specify,India,detail_256,https://www.linkedin.com/jobs/view/3261025346/?eBP=JOB_SEARCH_ORGANIC&recommendedFlavor=JOB_SEEKER_QUALIFIED&refId=1Zy%2FkHyVMsQXR%2FvrLETEiA%3D%3D&trackingId=VeUbThx3xJIqAp683WL9JQ%3D%3D&trk=flagship3_search_srp_jobs
jod_id_357,comp_id_1165,Software Engineer,Bangalore Urban, Karnataka,India,detail_257,https://www.linkedin.com/jobs/view/3263520344/?eBP=JOB_SEARCH_ORGANIC&recommendedFlavor=SCHOOL_RECRUIT&refId=1Zy%2FkHyVMsQXR%2FvrLETEiA%3D%3D&trackingId=GOK9Q81m%2FUJp6X9KlxEUng%3D%3D&trk=flagship3_search_srp_jobs
jod_id_358,comp_id_1166,Big Data Developer,Pune, Maharashtra,India,detail_258,https://www.linkedin.com/jobs/view/3262769407/?eBP=JOB_SEARCH_ORGANIC&recommendedFlavor=ACTIVELY_HIRING_COMPANY&refId=1Zy%2FkHyVMsQXR%2FvrLETEiA%3D%3D&trackingId=JqnHLDv9NgxDw%2FiULE%2FDVw%3D%3D&trk=flagship3_search_srp_jobs
jod_id_359,comp_id_1167,Digital marketing training program,not_specify,not_specify,India,detail_259,https://www.linkedin.com/jobs/view/3260681227/?eBP=JOB_SEARCH_ORGANIC&recommendedFlavor=ACTIVELY_HIRING_COMPANY&refId=1Zy%2FkHyVMsQXR%2FvrLETEiA%3D%3D&trackingId=%2FGPYWF6vhvMYdwEH8C1T1A%3D%3D&trk=flagship3_search_srp_jobs
jod_id_360,comp_id_1168,Data Governance Analyst,Bengaluru, Karnataka,India,detail_260,https://www.linkedin.com/jobs/view/3260191502/?eBP=JOB_SEARCH_ORGANIC&recommendedFlavor=ACTIVELY_HIRING_COMPANY&refId=dAJjrDWurpQ8AhnvtuT8gg%3D%3D&trackingId=Pp4tc7d6la%2FrzYACjCt6HA%3D%3D&trk=flagship3_search_srp_jobs
jod_id_361,comp_id_1169,LiquiLoans - AVP - Data Science & Modeling,Mumbai, Maharashtra,India,detail_261,https://www.linkedin.com/jobs/view/3261162733/?eBP=JOB_SEARCH_ORGANIC&recommendedFlavor=SCHOOL_RECRUIT&refId=dAJjrDWurpQ8AhnvtuT8gg%3D%3D&trackingId=NHqVDOZ4p0jVNQehVDqY5Q%3D%3D&trk=flagship3_search_srp_jobs
jod_id_362,comp_id_1170,PART TIME WORK,Coimbatore, Tamil Nadu,India,detail_262,https://www.linkedin.com/jobs/view/3256506525/?eBP=JOB_SEARCH_ORGANIC&recommendedFlavor=JOB_SEEKER_QUALIFIED&refId=dAJjrDWurpQ8AhnvtuT8gg%3D%3D&trackingId=TXiaW3X6O49qC11lHdpgMQ%3D%3D&trk=flagship3_search_srp_jobs
jod_id_363,comp_id_1171,Team Member- CI,Mumbai, Maharashtra,India,detail_263,https://www.linkedin.com/jobs/view/3256942717/?eBP=JOB_SEARCH_ORGANIC&recommendedFlavor=SCHOOL_RECRUIT&refId=dAJjrDWurpQ8AhnvtuT8gg%3D%3D&trackingId=ZwvdyhUEh4Mu%2F2n6XN3w%2BQ%3D%3D&trk=flagship3_search_srp_jobs
jod_id_364,comp_id_1172,Unemployed (STUDENTS/FRESHER/GRADUATE/ANYONE),not_specify,not_specify,India,detail_264,https://www.linkedin.com/jobs/view/3261150387/?eBP=JOB_SEARCH_ORGANIC&recommendedFlavor=ACTIVELY_HIRING_COMPANY&refId=dAJjrDWurpQ8AhnvtuT8gg%3D%3D&trackingId=8YoYNJ6RMOhxgXEUCeX%2Fhw%3D%3D&trk=flagship3_search_srp_jobs
jod_id_365,comp_id_1173,User Experience Intern,Noida, Uttar Pradesh,India,detail_265,https://www.linkedin.com/jobs/view/3261024920/?eBP=JOB_SEARCH_ORGANIC&recommendedFlavor=ACTIVELY_HIRING_COMPANY&refId=dAJjrDWurpQ8AhnvtuT8gg%3D%3D&trackingId=oFNkg0tnOxHp1Y63yDkCKQ%3D%3D&trk=flagship3_search_srp_jobs
jod_id_366,comp_id_1174,"Data Scientist, DNG, Mumbai",Mumbai, Maharashtra,India,detail_266,https://www.linkedin.com/jobs/view/3261863563/?eBP=JOB_SEARCH_ORGANIC&recommendedFlavor=SCHOOL_RECRUIT&refId=dAJjrDWurpQ8AhnvtuT8gg%3D%3D&trackingId=gXDVeEuBFmDRNaMBnGTC0Q%3D%3D&trk=flagship3_search_srp_jobs
jod_id_367,comp_id_1175,Business Development Executive,Indore, Madhya Pradesh,India,detail_267,https://www.linkedin.com/jobs/view/3261005552/?eBP=JOB_SEARCH_ORGANIC&recommendedFlavor=ACTIVELY_HIRING_COMPANY&refId=D7MNsKCKwrhMN61%2FTBrtOQ%3D%3D&trackingId=GesCl7y0TY7cgkPAAvRvnw%3D%3D&trk=flagship3_search_srp_jobs
jod_id_368,comp_id_1058,Bsc students,Jaipur, Rajasthan,India,detail_268,https://www.linkedin.com/jobs/view/3261036936/?eBP=JOB_SEARCH_ORGANIC&recommendedFlavor=ACTIVELY_HIRING_COMPANY&refId=D7MNsKCKwrhMN61%2FTBrtOQ%3D%3D&trackingId=8CuJ%2FwbsC9j%2B7fmjBO17lw%3D%3D&trk=flagship3_search_srp_jobs
jod_id_369,comp_id_1176,Business Development Associate,Delhi, not_specify,India,detail_269,https://www.linkedin.com/jobs/view/3262314998/?eBP=JOB_SEARCH_ORGANIC&recommendedFlavor=ACTIVELY_HIRING_COMPANY&refId=D7MNsKCKwrhMN61%2FTBrtOQ%3D%3D&trackingId=o6%2BRPX5fXrXV4m3cnGSzJw%3D%3D&trk=flagship3_search_srp_jobs
jod_id_370,comp_id_1177,SEO intern,Mumbai, Maharashtra,India,detail_270,https://www.linkedin.com/jobs/view/3261027095/?eBP=JOB_SEARCH_ORGANIC&recommendedFlavor=JOB_SEEKER_QUALIFIED&refId=D7MNsKCKwrhMN61%2FTBrtOQ%3D%3D&trackingId=mB5XX%2F6udzH2q%2BF8%2FNBh0A%3D%3D&trk=flagship3_search_srp_jobs
jod_id_371,comp_id_1172,Freshers,not_specify,not_specify,India,detail_271,https://www.linkedin.com/jobs/view/3261137486/?eBP=JOB_SEARCH_ORGANIC&recommendedFlavor=JOB_SEEKER_QUALIFIED&refId=D7MNsKCKwrhMN61%2FTBrtOQ%3D%3D&trackingId=4SZJf5a%2BYI%2Bl2o2R0E5cmg%3D%3D&trk=flagship3_search_srp_jobs
jod_id_372,comp_id_1178,Business Analyst / Data Analyst,Chennai, Tamil Nadu,India,detail_272,https://www.linkedin.com/jobs/view/3262346300/?eBP=JOB_SEARCH_ORGANIC&refId=D7MNsKCKwrhMN61%2FTBrtOQ%3D%3D&trackingId=l8MYAPM4HpEwecf1L53x8w%3D%3D&trk=flagship3_search_srp_jobs
jod_id_373,comp_id_1179,Clin Data Assoc II,Bengaluru, Karnataka,India,detail_273,https://www.linkedin.com/jobs/view/3259832784/?eBP=JOB_SEARCH_ORGANIC&recommendedFlavor=ACTIVELY_HIRING_COMPANY&refId=D7MNsKCKwrhMN61%2FTBrtOQ%3D%3D&trackingId=QpCTHldsfB5INZNYH%2Bh17w%3D%3D&trk=flagship3_search_srp_jobs
jod_id_374,comp_id_1180,Sales Operations Specialist,Mumbai, Maharashtra,India,detail_274,https://www.linkedin.com/jobs/view/3262335208/?eBP=JOB_SEARCH_ORGANIC&recommendedFlavor=SCHOOL_RECRUIT&refId=pu7BsODj66NHlnznQ%2Fl%2BHQ%3D%3D&trackingId=f2W1D5L2U6cPmiC8QNpv3g%3D%3D&trk=flagship3_search_srp_jobs
jod_id_375,comp_id_1039,Internship,not_specify,not_specify,India,detail_275,https://www.linkedin.com/jobs/view/3261036526/?eBP=JOB_SEARCH_ORGANIC&recommendedFlavor=SCHOOL_RECRUIT&refId=pu7BsODj66NHlnznQ%2Fl%2BHQ%3D%3D&trackingId=VLaUqQJ1RdCne%2FZUG%2BWzGw%3D%3D&trk=flagship3_search_srp_jobs
jod_id_376,comp_id_1181,Business Development Executive,Pune, Maharashtra,India,detail_276,https://www.linkedin.com/jobs/view/3261023469/?eBP=JOB_SEARCH_ORGANIC&recommendedFlavor=JOB_SEEKER_QUALIFIED&refId=pu7BsODj66NHlnznQ%2Fl%2BHQ%3D%3D&trackingId=sPykdpDrME2EKTJxoUqSaA%3D%3D&trk=flagship3_search_srp_jobs
jod_id_377,comp_id_1005,SAP BW/4HANA Data Modeling & Development Application Developer,Delhi, Delhi,India,detail_277,https://www.linkedin.com/jobs/view/3260647774/?eBP=JOB_SEARCH_ORGANIC&recommendedFlavor=SCHOOL_RECRUIT&refId=pu7BsODj66NHlnznQ%2Fl%2BHQ%3D%3D&trackingId=EMuvEPD4g9PLTZ4ERbfCHA%3D%3D&trk=flagship3_search_srp_jobs
jod_id_378,comp_id_1005,CN - Strategy - MC - Business Strategy - Consultant (Intelligent Enterprise) - 09,Hyderabad, Telangana,India,detail_278,https://www.linkedin.com/jobs/view/3259871970/?eBP=JOB_SEARCH_ORGANIC&recommendedFlavor=SCHOOL_RECRUIT&refId=pu7BsODj66NHlnznQ%2Fl%2BHQ%3D%3D&trackingId=Bt4rt2ozeyz3Txr4HyQ4%2FA%3D%3D&trk=flagship3_search_srp_jobs
jod_id_379,comp_id_1182,Associate-Tech Support,Bengaluru, Karnataka,India,detail_279,https://www.linkedin.com/jobs/view/3262220870/?eBP=JOB_SEARCH_ORGANIC&recommendedFlavor=ACTIVELY_HIRING_COMPANY&refId=pu7BsODj66NHlnznQ%2Fl%2BHQ%3D%3D&trackingId=fTd2EhjttTYHGZiqwm61mw%3D%3D&trk=flagship3_search_srp_jobs
jod_id_380,comp_id_1058,Student,not_specify,not_specify,India,detail_280,https://www.linkedin.com/jobs/view/3261154150/?eBP=JOB_SEARCH_ORGANIC&recommendedFlavor=ACTIVELY_HIRING_COMPANY&refId=pu7BsODj66NHlnznQ%2Fl%2BHQ%3D%3D&trackingId=%2BfwRIrhIkU04%2FBhZtVuYGA%3D%3D&trk=flagship3_search_srp_jobs
